Employee_ID,Name,Gender,Age,Department,Job_Role,Education,Experience_Years,Salary,Performance_Rating,Attrition,Attendance_%,Overtime,Marital_Status,City,Joining_Year
EMP0001,Priya Kumar,Male,32,R&D,Data Analyst,BBA,13,95603,3,No,78,No,Married,Delhi,2021
EMP0002,Neha Verma,Female,42,Marketing,Marketing Executive,B.Tech,16,109642,3,Yes,91,No,Married,Mumbai,2023
EMP0003,Priya Singh,Male,47,Marketing,Marketing Executive,BBA,20,130357,2,Yes,83,Yes,Married,Delhi,2024
EMP0004,Vikas Patel,Male,42,HR,HR Executive,MBA,11,88847,5,No,85,Yes,Single,Chandigarh,2013
EMP0005,Pooja Gupta,Male,25,Sales,Sales Executive,B.Com,20,136596,2,No,94,No,Married,Lucknow,2016
EMP0006,Vikas Kaur,Male,25,Finance,Accountant,M.Com,7,62783,2,Yes,76,No,Single,Hyderabad,2025
EMP0007,Vikas Joshi,Male,49,Finance,Accountant,MBA,4,43761,2,No,97,Yes,Married,Pune,2010
EMP0008,Karan Verma,Male,33,IT,Software Engineer,B.Tech,15,111912,4,No,93,No,Single,Mumbai,2024
EMP0009,Sneha Sharma,Female,34,Operations,Team Lead,MCA,2,32127,5,Yes,94,Yes,Single,Hyderabad,2024
EMP0010,Rahul Singh,Female,40,Operations,Team Lead,BBA,13,95850,5,Yes,89,No,Married,Bengaluru,2015
EMP0011,Pooja Joshi,Female,24,Marketing,Marketing Executive,B.Com,9,81154,3,Yes,96,Yes,Married,Jaipur,2010
EMP0012,Pooja Joshi,Male,38,Customer Support,Support Executive,MBA,2,36061,4,No,79,Yes,Single,Delhi,2020
EMP0013,Simran Mehta,Male,22,Operations,Team Lead,M.Com,8,75492,5,Yes,94,No,Married,Pune,2016
EMP0014,Anjali Yadav,Male,59,HR,HR Executive,M.Com,8,70499,2,Yes,76,Yes,Married,Mumbai,2025
EMP0015,Neha Yadav,Male,37,Customer Support,Support Executive,MBA,1,40871,4,No,98,Yes,Married,Chandigarh,2019
EMP0016,Anjali Sharma,Male,26,R&D,Data Analyst,MBA,13,95835,1,No,95,Yes,Single,Bengaluru,2010
EMP0017,Pooja Sharma,Male,60,Customer Support,Support Executive,MCA,17,106135,2,No,75,Yes,Married,Bengaluru,2010
EMP0018,Anjali Sharma,Female,46,Marketing,Marketing Executive,M.Com,4,49119,1,No,93,Yes,Single,Chandigarh,2021
EMP0019,Rahul Patel,Male,38,Operations,Team Lead,M.Com,18,123664,5,No,94,No,Married,Hyderabad,2024
EMP0020,Anjali Gupta,Female,37,R&D,Data Analyst,MBA,9,66638,3,No,81,No,Single,Bengaluru,2017
EMP0021,Priya Kaur,Female,36,HR,HR Executive,MBA,1,31170,3,Yes,96,Yes,Single,Pune,2010
EMP0022,Vikas Mehta,Female,34,R&D,Data Analyst,MCA,11,89158,4,No,100,Yes,Married,Jaipur,2015
EMP0023,Priya Kaur,Male,48,R&D,Data Analyst,B.Tech,3,51277,1,No,100,Yes,Single,Hyderabad,2015
EMP0024,Pooja Kaur,Male,27,Sales,Sales Executive,B.Tech,9,80823,4,No,79,Yes,Single,Bengaluru,2025
EMP0025,Simran Singh,Female,54,Finance,Accountant,BBA,13,85927,1,No,99,Yes,Single,Chandigarh,2025
EMP0026,Rahul Singh,Female,28,HR,HR Executive,MCA,1,34391,5,Yes,85,Yes,Single,Chandigarh,2013
EMP0027,Priya Verma,Female,48,Customer Support,Support Executive,MBA,6,53175,3,No,75,No,Single,Mumbai,2021
EMP0028,Amit Verma,Female,31,HR,HR Executive,B.Com,10,79362,5,Yes,91,Yes,Single,Pune,2011
EMP0029,Karan Singh,Male,57,Marketing,Marketing Executive,MCA,16,108870,5,No,94,Yes,Single,Lucknow,2020
EMP0030,Vikas Verma,Female,55,R&D,Data Analyst,B.Com,13,87318,5,No,95,No,Single,Delhi,2025
EMP0031,Anjali Gupta,Female,23,Operations,Team Lead,BBA,15,110178,3,Yes,100,No,Single,Bengaluru,2013
EMP0032,Amit Joshi,Female,40,Sales,Sales Executive,BBA,15,99019,2,No,92,Yes,Single,Mumbai,2023
EMP0033,Anjali Singh,Male,36,Finance,Accountant,B.Com,15,102339,1,No,86,No,Married,Mumbai,2012
EMP0034,Amit Yadav,Male,50,R&D,Data Analyst,BBA,3,46255,5,Yes,99,No,Married,Hyderabad,2021
EMP0035,Rahul Mehta,Male,34,Marketing,Marketing Executive,MCA,16,100160,2,Yes,83,No,Married,Mumbai,2023
EMP0036,Rahul Sharma,Female,60,Customer Support,Support Executive,B.Tech,6,60437,1,Yes,87,No,Married,Jaipur,2019
EMP0037,Rahul Mehta,Male,31,Customer Support,Support Executive,MCA,17,115266,5,Yes,94,No,Single,Chandigarh,2011
EMP0038,Priya Yadav,Male,39,IT,Software Engineer,MCA,5,51338,3,Yes,76,No,Single,Jaipur,2013
EMP0039,Sneha Patel,Female,58,HR,HR Executive,M.Com,12,87331,5,Yes,98,Yes,Single,Jaipur,2021
EMP0040,Sneha Gupta,Male,31,HR,HR Executive,B.Tech,0,22885,1,No,75,Yes,Single,Delhi,2019
EMP0041,Arjun Gupta,Male,58,Operations,Team Lead,BBA,9,76663,5,Yes,76,No,Single,Delhi,2012
EMP0042,Vikas Singh,Male,55,Customer Support,Support Executive,B.Com,12,88000,5,Yes,86,No,Single,Lucknow,2018
EMP0043,Amit Mehta,Female,28,Operations,Team Lead,B.Tech,6,60707,5,No,84,Yes,Married,Pune,2020
EMP0044,Rahul Patel,Male,56,R&D,Data Analyst,M.Com,15,104648,4,Yes,84,No,Single,Chandigarh,2013
EMP0045,Rohit Singh,Female,57,Finance,Accountant,B.Com,17,111218,2,No,85,Yes,Married,Jaipur,2021
EMP0046,Priya Gupta,Female,37,HR,HR Executive,MCA,18,115742,2,Yes,100,Yes,Single,Bengaluru,2015
EMP0047,Karan Gupta,Female,24,Operations,Team Lead,B.Tech,3,45905,1,Yes,95,Yes,Single,Jaipur,2019
EMP0048,Rohit Patel,Female,30,Finance,Accountant,MCA,19,119923,4,No,79,Yes,Single,Lucknow,2023
EMP0049,Vikas Yadav,Male,35,IT,Software Engineer,MBA,12,92828,4,No,95,No,Single,Chandigarh,2011
EMP0050,Neha Yadav,Male,38,IT,Software Engineer,M.Com,6,66941,5,Yes,80,No,Married,Bengaluru,2011
EMP0051,Rahul Verma,Male,48,Marketing,Marketing Executive,B.Tech,1,25462,1,No,86,No,Single,Pune,2022
EMP0052,Arjun Singh,Female,53,IT,Software Engineer,MCA,16,102683,3,Yes,80,No,Single,Bengaluru,2021
EMP0053,Karan Kumar,Male,51,Operations,Team Lead,M.Com,5,50100,4,No,90,No,Single,Pune,2013
EMP0054,Karan Singh,Male,41,Sales,Sales Executive,MBA,9,76181,2,Yes,76,Yes,Single,Hyderabad,2011
EMP0055,Rahul Gupta,Female,57,Sales,Sales Executive,B.Com,6,60869,3,No,85,Yes,Married,Jaipur,2019
EMP0056,Rahul Singh,Male,29,IT,Software Engineer,B.Tech,15,103970,2,No,79,No,Single,Mumbai,2022
EMP0057,Simran Kumar,Female,56,Operations,Team Lead,M.Com,1,41455,5,Yes,89,Yes,Single,Chandigarh,2020
EMP0058,Pooja Kumar,Male,34,Sales,Sales Executive,B.Tech,17,117105,3,No,92,No,Single,Bengaluru,2025
EMP0059,Sneha Verma,Male,21,Operations,Team Lead,M.Com,3,50865,2,Yes,94,No,Single,Jaipur,2023
EMP0060,Arjun Kaur,Female,42,Customer Support,Support Executive,MCA,20,129379,1,Yes,84,Yes,Married,Jaipur,2016
EMP0061,Arjun Joshi,Male,60,IT,Software Engineer,B.Com,9,80354,5,Yes,80,No,Married,Pune,2020
EMP0062,Sneha Verma,Male,51,IT,Software Engineer,B.Tech,6,66613,2,No,85,No,Single,Chandigarh,2012
EMP0063,Amit Gupta,Female,43,R&D,Data Analyst,MBA,2,41211,5,No,76,No,Single,Lucknow,2023
EMP0064,Pooja Kumar,Female,23,HR,HR Executive,B.Tech,11,90858,3,Yes,94,Yes,Married,Bengaluru,2016
EMP0065,Amit Patel,Male,56,Operations,Team Lead,BBA,8,76137,2,Yes,89,No,Single,Bengaluru,2021
EMP0066,Priya Mehta,Female,31,R&D,Data Analyst,MBA,8,73459,2,Yes,98,Yes,Married,Lucknow,2012
EMP0067,Neha Kumar,Male,37,IT,Software Engineer,MBA,19,119736,3,No,88,Yes,Single,Pune,2025
EMP0068,Amit Kaur,Male,31,R&D,Data Analyst,B.Com,3,39219,5,No,86,Yes,Single,Lucknow,2010
EMP0069,Priya Joshi,Male,25,Operations,Team Lead,MBA,2,41078,4,No,93,Yes,Married,Hyderabad,2011
EMP0070,Karan Yadav,Male,54,Customer Support,Support Executive,MBA,3,37381,5,Yes,76,Yes,Married,Mumbai,2010
EMP0071,Pooja Sharma,Female,38,R&D,Data Analyst,MBA,7,62539,1,No,90,No,Married,Bengaluru,2010
EMP0072,Anjali Singh,Male,37,Customer Support,Support Executive,B.Tech,14,102183,4,No,87,Yes,Married,Bengaluru,2017
EMP0073,Rohit Verma,Female,49,Customer Support,Support Executive,MBA,2,43960,4,Yes,78,Yes,Single,Chandigarh,2020
EMP0074,Anjali Yadav,Male,48,Operations,Team Lead,MCA,16,113487,5,Yes,98,No,Married,Hyderabad,2015
EMP0075,Karan Mehta,Male,55,R&D,Data Analyst,MCA,7,56362,4,Yes,99,No,Single,Jaipur,2021
EMP0076,Priya Joshi,Male,27,Sales,Sales Executive,B.Tech,16,112773,5,Yes,98,No,Single,Delhi,2012
EMP0077,Neha Verma,Male,33,HR,HR Executive,MBA,14,103718,4,Yes,81,Yes,Married,Bengaluru,2010
EMP0078,Vikas Yadav,Male,51,HR,HR Executive,MBA,3,37287,1,Yes,93,Yes,Married,Pune,2014
EMP0079,Neha Verma,Male,44,Marketing,Marketing Executive,MCA,5,53505,4,Yes,87,Yes,Married,Bengaluru,2024
EMP0080,Sneha Verma,Female,26,IT,Software Engineer,B.Tech,8,67179,2,Yes,96,No,Married,Hyderabad,2022
EMP0081,Sneha Gupta,Male,44,Sales,Sales Executive,B.Com,1,34469,2,Yes,100,Yes,Married,Jaipur,2018
EMP0082,Amit Joshi,Male,28,Operations,Team Lead,B.Tech,10,85101,3,No,100,No,Single,Delhi,2020
EMP0083,Arjun Gupta,Male,45,Finance,Accountant,MBA,16,100137,2,Yes,79,Yes,Married,Pune,2021
EMP0084,Neha Sharma,Male,30,Marketing,Marketing Executive,B.Com,7,66443,3,Yes,83,No,Married,Hyderabad,2014
EMP0085,Karan Verma,Female,44,IT,Software Engineer,M.Com,8,69048,5,Yes,86,No,Married,Hyderabad,2025
EMP0086,Rohit Kaur,Female,47,Finance,Accountant,B.Tech,19,128669,1,No,99,No,Married,Jaipur,2013
EMP0087,Rohit Gupta,Female,32,Customer Support,Support Executive,B.Tech,3,48704,4,No,88,No,Married,Delhi,2024
EMP0088,Sneha Sharma,Female,60,R&D,Data Analyst,MBA,11,77180,1,Yes,93,Yes,Single,Pune,2023
EMP0089,Rohit Yadav,Male,46,HR,HR Executive,M.Com,16,116407,3,Yes,82,No,Single,Delhi,2018
EMP0090,Priya Gupta,Female,39,HR,HR Executive,M.Com,6,57718,3,No,90,No,Single,Mumbai,2013
EMP0091,Pooja Kumar,Male,33,Customer Support,Support Executive,MBA,2,33882,4,Yes,82,Yes,Married,Mumbai,2011
EMP0092,Amit Kaur,Female,43,Sales,Sales Executive,B.Com,14,96743,3,Yes,85,No,Single,Lucknow,2011
EMP0093,Neha Kaur,Male,29,HR,HR Executive,B.Tech,17,107333,3,No,82,No,Single,Mumbai,2010
EMP0094,Vikas Joshi,Female,57,Operations,Team Lead,MBA,11,90356,2,Yes,100,No,Single,Lucknow,2015
EMP0095,Rohit Gupta,Male,39,Operations,Team Lead,MBA,2,31536,5,Yes,76,Yes,Single,Jaipur,2013
EMP0096,Simran Verma,Female,42,IT,Software Engineer,MBA,0,33886,2,No,76,Yes,Married,Chandigarh,2011
EMP0097,Karan Kaur,Female,57,Finance,Accountant,B.Com,18,111595,3,No,85,Yes,Single,Mumbai,2017
EMP0098,Priya Joshi,Female,33,IT,Software Engineer,BBA,9,68372,1,No,86,No,Single,Bengaluru,2014
EMP0099,Pooja Kumar,Male,49,Operations,Team Lead,M.Com,0,23799,5,Yes,84,No,Single,Mumbai,2012
EMP0100,Karan Sharma,Female,53,HR,HR Executive,MBA,1,26008,1,No,75,Yes,Single,Chandigarh,2024
EMP0101,Karan Joshi,Male,51,Finance,Accountant,B.Tech,18,124944,3,No,77,No,Married,Hyderabad,2017
EMP0102,Simran Mehta,Female,35,Sales,Sales Executive,BBA,0,34081,3,Yes,87,Yes,Married,Mumbai,2022
EMP0103,Priya Gupta,Male,60,HR,HR Executive,BBA,0,36949,5,Yes,84,No,Married,Chandigarh,2024
EMP0104,Rahul Joshi,Female,40,Marketing,Marketing Executive,BBA,16,105957,3,Yes,83,No,Single,Mumbai,2017
EMP0105,Sneha Sharma,Female,38,Sales,Sales Executive,MCA,3,41390,5,No,79,Yes,Married,Chandigarh,2018
EMP0106,Vikas Patel,Male,44,Customer Support,Support Executive,B.Tech,12,82711,4,No,88,No,Married,Lucknow,2011
EMP0107,Simran Singh,Female,43,R&D,Data Analyst,B.Com,1,39992,2,Yes,87,Yes,Single,Jaipur,2019
EMP0108,Karan Mehta,Female,52,HR,HR Executive,MBA,2,30337,1,No,85,No,Married,Chandigarh,2019
EMP0109,Priya Gupta,Female,32,Finance,Accountant,BBA,10,75570,3,No,86,No,Married,Bengaluru,2019
EMP0110,Rohit Mehta,Male,38,Operations,Team Lead,B.Com,7,62711,5,Yes,93,Yes,Married,Chandigarh,2019
EMP0111,Priya Gupta,Female,48,Sales,Sales Executive,B.Com,13,98289,5,No,75,No,Single,Bengaluru,2022
EMP0112,Rahul Yadav,Female,55,Operations,Team Lead,B.Tech,1,25788,3,No,76,Yes,Married,Hyderabad,2019
EMP0113,Amit Gupta,Male,40,Operations,Team Lead,M.Com,13,96453,5,Yes,98,No,Single,Pune,2016
EMP0114,Anjali Mehta,Male,48,HR,HR Executive,M.Com,2,34782,1,Yes,80,Yes,Married,Pune,2013
EMP0115,Pooja Joshi,Female,35,Marketing,Marketing Executive,M.Com,15,104824,5,No,95,No,Married,Bengaluru,2024
EMP0116,Rahul Singh,Male,25,IT,Software Engineer,B.Com,15,102816,5,Yes,99,No,Single,Delhi,2023
EMP0117,Rahul Verma,Male,38,R&D,Data Analyst,BBA,7,65924,1,Yes,98,Yes,Married,Pune,2015
EMP0118,Sneha Kumar,Female,36,Finance,Accountant,B.Com,6,56124,1,Yes,99,Yes,Single,Delhi,2018
EMP0119,Sneha Mehta,Male,44,IT,Software Engineer,MCA,1,36350,5,Yes,76,No,Single,Bengaluru,2021
EMP0120,Simran Verma,Female,44,Sales,Sales Executive,BBA,11,88104,1,Yes,99,No,Single,Bengaluru,2014
EMP0121,Pooja Patel,Female,56,Marketing,Marketing Executive,BBA,13,99879,4,Yes,97,No,Single,Delhi,2014
EMP0122,Arjun Kaur,Female,58,Finance,Accountant,MBA,16,107421,2,No,82,Yes,Single,Lucknow,2014
EMP0123,Rohit Singh,Female,26,IT,Software Engineer,B.Tech,15,98455,1,No,84,No,Married,Pune,2015
EMP0124,Priya Kaur,Female,46,Marketing,Marketing Executive,MCA,16,102850,5,No,84,No,Single,Mumbai,2016
EMP0125,Karan Verma,Female,48,Marketing,Marketing Executive,MCA,0,27962,5,No,76,No,Single,Delhi,2016
EMP0126,Sneha Mehta,Male,43,HR,HR Executive,MBA,16,107081,3,No,86,No,Married,Hyderabad,2019
EMP0127,Vikas Gupta,Male,60,R&D,Data Analyst,B.Tech,2,41252,1,No,89,Yes,Single,Mumbai,2016
EMP0128,Pooja Mehta,Female,51,Marketing,Marketing Executive,M.Com,5,53033,5,Yes,80,No,Married,Delhi,2012
EMP0129,Vikas Sharma,Male,23,Operations,Team Lead,BBA,15,106677,5,No,77,No,Single,Pune,2017
EMP0130,Rahul Kaur,Male,46,Finance,Accountant,MBA,11,87789,3,No,86,Yes,Single,Hyderabad,2016
EMP0131,Simran Verma,Female,42,Marketing,Marketing Executive,M.Com,7,59238,3,No,80,No,Single,Delhi,2019
EMP0132,Amit Sharma,Male,50,Sales,Sales Executive,MCA,18,123011,2,No,84,No,Single,Hyderabad,2015
EMP0133,Rohit Sharma,Male,31,R&D,Data Analyst,B.Tech,12,93336,1,No,76,Yes,Married,Mumbai,2014
EMP0134,Amit Sharma,Female,25,Customer Support,Support Executive,M.Com,6,60255,1,No,77,No,Married,Pune,2022
EMP0135,Amit Sharma,Male,48,Finance,Accountant,MBA,1,33599,4,Yes,89,No,Single,Chandigarh,2019
EMP0136,Vikas Gupta,Male,44,Operations,Team Lead,MBA,9,67245,1,No,95,Yes,Single,Hyderabad,2018
EMP0137,Priya Kumar,Female,56,IT,Software Engineer,MCA,11,76191,3,Yes,96,No,Single,Chandigarh,2019
EMP0138,Karan Kaur,Female,57,Customer Support,Support Executive,B.Tech,11,77538,3,Yes,85,No,Single,Chandigarh,2020
EMP0139,Anjali Kumar,Female,38,Operations,Team Lead,B.Tech,16,110420,4,No,88,Yes,Single,Lucknow,2016
EMP0140,Neha Gupta,Female,41,IT,Software Engineer,M.Com,16,111874,4,No,91,Yes,Married,Delhi,2017
EMP0141,Rohit Kaur,Male,48,HR,HR Executive,B.Tech,3,46702,5,No,92,No,Married,Pune,2021
EMP0142,Anjali Joshi,Female,45,Operations,Team Lead,M.Com,17,107038,3,No,84,Yes,Single,Delhi,2025
EMP0143,Sneha Kaur,Male,33,Customer Support,Support Executive,B.Com,2,32386,2,No,80,Yes,Married,Pune,2015
EMP0144,Vikas Singh,Female,44,Sales,Sales Executive,MCA,14,102669,3,No,80,Yes,Single,Lucknow,2021
EMP0145,Amit Yadav,Male,41,Finance,Accountant,MBA,0,31891,5,No,80,Yes,Married,Pune,2025
EMP0146,Amit Sharma,Female,53,HR,HR Executive,MBA,11,79653,5,Yes,94,No,Married,Chandigarh,2019
EMP0147,Anjali Joshi,Female,43,HR,HR Executive,BBA,8,72550,2,No,88,No,Single,Pune,2022
EMP0148,Anjali Kumar,Female,30,Finance,Accountant,MBA,15,101203,3,Yes,90,Yes,Married,Delhi,2021
EMP0149,Simran Kumar,Male,37,Sales,Sales Executive,M.Com,12,85918,3,No,96,Yes,Married,Mumbai,2025
EMP0150,Rahul Joshi,Female,47,HR,HR Executive,B.Com,1,28964,5,Yes,84,No,Married,Lucknow,2015
EMP0151,Neha Sharma,Male,23,Customer Support,Support Executive,BBA,7,58855,4,No,79,No,Married,Chandigarh,2024
EMP0152,Amit Mehta,Male,36,IT,Software Engineer,MBA,0,35671,4,Yes,93,No,Single,Chandigarh,2018
EMP0153,Anjali Gupta,Female,27,Marketing,Marketing Executive,B.Tech,2,40642,5,Yes,89,No,Single,Chandigarh,2013
EMP0154,Neha Kaur,Male,60,HR,HR Executive,B.Tech,14,93187,4,No,89,Yes,Single,Jaipur,2023
EMP0155,Simran Kaur,Female,53,Operations,Team Lead,MBA,7,59275,3,No,86,Yes,Single,Mumbai,2015
EMP0156,Rahul Patel,Female,46,Customer Support,Support Executive,MCA,18,111786,3,Yes,85,Yes,Married,Hyderabad,2012
EMP0157,Pooja Yadav,Male,32,Finance,Accountant,MBA,13,96712,1,No,81,No,Single,Mumbai,2015
EMP0158,Priya Kaur,Female,40,Operations,Team Lead,B.Tech,19,121457,4,No,88,No,Single,Chandigarh,2013
EMP0159,Rohit Singh,Male,36,IT,Software Engineer,MBA,2,31357,3,Yes,87,Yes,Single,Chandigarh,2021
EMP0160,Anjali Mehta,Female,28,Operations,Team Lead,BBA,11,82680,1,Yes,98,Yes,Single,Jaipur,2023
EMP0161,Karan Kaur,Female,24,Marketing,Marketing Executive,B.Tech,3,40378,2,No,77,Yes,Single,Chandigarh,2024
EMP0162,Pooja Sharma,Female,49,R&D,Data Analyst,BBA,15,103123,4,Yes,89,Yes,Single,Bengaluru,2010
EMP0163,Anjali Kaur,Male,25,Finance,Accountant,B.Com,13,88312,2,No,81,Yes,Married,Chandigarh,2024
EMP0164,Priya Sharma,Female,49,Operations,Team Lead,B.Tech,19,128914,2,Yes,81,Yes,Married,Bengaluru,2022
EMP0165,Amit Mehta,Male,31,Finance,Accountant,BBA,2,35654,3,No,75,No,Married,Bengaluru,2013
EMP0166,Rahul Verma,Male,24,Sales,Sales Executive,MBA,13,97223,2,Yes,77,Yes,Married,Pune,2019
EMP0167,Vikas Yadav,Male,30,Customer Support,Support Executive,M.Com,13,89126,2,No,99,Yes,Married,Delhi,2019
EMP0168,Sneha Joshi,Female,23,Finance,Accountant,B.Tech,4,55708,4,No,90,No,Married,Mumbai,2019
EMP0169,Neha Singh,Female,43,Customer Support,Support Executive,MBA,9,68406,5,No,80,No,Married,Mumbai,2018
EMP0170,Pooja Mehta,Male,51,Finance,Accountant,MBA,10,72644,4,Yes,95,No,Married,Delhi,2020
EMP0171,Neha Kaur,Male,34,IT,Software Engineer,BBA,16,105250,1,No,75,No,Married,Delhi,2011
EMP0172,Pooja Kaur,Female,55,Customer Support,Support Executive,B.Com,11,82168,2,No,91,Yes,Single,Mumbai,2017
EMP0173,Sneha Kumar,Female,46,Operations,Team Lead,BBA,3,50744,1,Yes,76,Yes,Married,Pune,2014
EMP0174,Amit Joshi,Male,35,IT,Software Engineer,B.Com,8,61247,2,No,82,No,Married,Hyderabad,2019
EMP0175,Simran Singh,Male,41,R&D,Data Analyst,BBA,14,91373,4,Yes,78,Yes,Married,Mumbai,2014
EMP0176,Anjali Sharma,Male,25,Customer Support,Support Executive,BBA,5,56675,1,No,94,No,Married,Chandigarh,2015
EMP0177,Rahul Singh,Female,42,R&D,Data Analyst,MCA,10,80773,3,No,91,No,Single,Hyderabad,2013
EMP0178,Sneha Gupta,Male,21,Marketing,Marketing Executive,B.Tech,15,107722,1,No,97,No,Married,Bengaluru,2010
EMP0179,Arjun Singh,Male,32,Customer Support,Support Executive,B.Com,12,88592,4,Yes,86,Yes,Married,Chandigarh,2011
EMP0180,Amit Verma,Female,32,Sales,Sales Executive,MBA,0,36426,2,No,77,No,Married,Pune,2019
EMP0181,Pooja Mehta,Male,58,Operations,Team Lead,M.Com,4,49221,3,No,78,No,Single,Delhi,2017
EMP0182,Sneha Kaur,Male,49,HR,HR Executive,B.Tech,0,20379,5,No,94,Yes,Single,Hyderabad,2019
EMP0183,Karan Gupta,Female,52,IT,Software Engineer,B.Com,16,116442,5,No,77,Yes,Single,Jaipur,2012
EMP0184,Rahul Kumar,Male,28,HR,HR Executive,M.Com,4,55688,3,No,93,Yes,Single,Pune,2016
EMP0185,Amit Verma,Male,44,HR,HR Executive,BBA,8,67661,1,No,86,Yes,Married,Chandigarh,2016
EMP0186,Amit Kumar,Male,55,IT,Software Engineer,BBA,15,107602,2,No,86,Yes,Single,Chandigarh,2018
EMP0187,Rahul Joshi,Male,26,Marketing,Marketing Executive,B.Tech,3,44379,2,No,94,Yes,Married,Pune,2018
EMP0188,Arjun Singh,Female,41,Finance,Accountant,M.Com,1,39861,3,Yes,99,No,Single,Bengaluru,2023
EMP0189,Anjali Kaur,Female,37,Finance,Accountant,B.Com,16,107789,2,Yes,75,No,Single,Mumbai,2016
EMP0190,Priya Yadav,Female,55,Sales,Sales Executive,M.Com,9,65056,3,No,91,Yes,Single,Bengaluru,2017
EMP0191,Karan Singh,Male,48,Sales,Sales Executive,BBA,13,85841,3,Yes,99,Yes,Married,Bengaluru,2013
EMP0192,Karan Sharma,Female,23,R&D,Data Analyst,M.Com,13,95143,4,No,80,Yes,Single,Hyderabad,2012
EMP0193,Priya Mehta,Female,32,Finance,Accountant,B.Tech,20,121921,5,No,100,No,Married,Hyderabad,2014
EMP0194,Sneha Kumar,Female,40,Marketing,Marketing Executive,MCA,15,100768,3,No,82,No,Single,Chandigarh,2010
EMP0195,Pooja Kumar,Female,46,Customer Support,Support Executive,B.Tech,12,81426,5,No,99,Yes,Married,Bengaluru,2018
EMP0196,Vikas Sharma,Female,37,Finance,Accountant,M.Com,11,80210,5,Yes,93,Yes,Single,Hyderabad,2011
EMP0197,Pooja Verma,Male,40,Marketing,Marketing Executive,MCA,7,57515,2,No,80,No,Single,Hyderabad,2021
EMP0198,Rohit Kaur,Male,45,Customer Support,Support Executive,M.Com,4,54047,2,Yes,81,Yes,Married,Hyderabad,2014
EMP0199,Simran Mehta,Female,45,Operations,Team Lead,B.Tech,8,65963,2,Yes,92,Yes,Married,Hyderabad,2021
EMP0200,Priya Verma,Female,21,Operations,Team Lead,B.Com,11,83653,1,No,87,Yes,Married,Hyderabad,2019
EMP0201,Amit Kumar,Female,50,Operations,Team Lead,B.Tech,16,115159,4,Yes,76,Yes,Married,Bengaluru,2014
EMP0202,Vikas Singh,Female,33,Customer Support,Support Executive,MCA,19,128245,2,No,100,No,Single,Delhi,2023
EMP0203,Amit Sharma,Male,53,Operations,Team Lead,BBA,5,61538,1,Yes,93,Yes,Single,Jaipur,2013
EMP0204,Simran Singh,Male,33,Sales,Sales Executive,BBA,12,96313,2,Yes,76,Yes,Single,Lucknow,2010
EMP0205,Priya Yadav,Female,33,IT,Software Engineer,B.Com,2,35057,3,Yes,99,No,Single,Hyderabad,2014
EMP0206,Arjun Kumar,Female,38,R&D,Data Analyst,MBA,18,125798,3,No,77,No,Single,Bengaluru,2011
EMP0207,Rahul Patel,Male,57,Operations,Team Lead,M.Com,13,94412,4,Yes,82,Yes,Single,Jaipur,2011
EMP0208,Amit Sharma,Female,37,Customer Support,Support Executive,MCA,16,108212,2,No,83,Yes,Single,Lucknow,2012
EMP0209,Priya Singh,Male,55,Marketing,Marketing Executive,M.Com,1,26399,2,Yes,84,No,Single,Jaipur,2017
EMP0210,Neha Gupta,Female,30,Marketing,Marketing Executive,M.Com,7,65289,4,No,83,No,Single,Mumbai,2017
EMP0211,Amit Mehta,Male,25,IT,Software Engineer,MBA,16,111300,5,Yes,89,Yes,Single,Bengaluru,2021
EMP0212,Neha Mehta,Female,28,Sales,Sales Executive,B.Tech,17,105469,4,No,95,No,Single,Lucknow,2022
EMP0213,Simran Kumar,Female,26,HR,HR Executive,BBA,8,70610,1,Yes,79,Yes,Single,Jaipur,2025
EMP0214,Neha Singh,Male,52,HR,HR Executive,BBA,13,94463,4,Yes,75,Yes,Single,Bengaluru,2016
EMP0215,Sneha Patel,Male,49,Finance,Accountant,BBA,9,70900,5,Yes,97,No,Single,Chandigarh,2015
EMP0216,Pooja Gupta,Female,21,R&D,Data Analyst,BBA,12,82167,2,No,98,Yes,Married,Chandigarh,2015
EMP0217,Priya Patel,Female,52,Marketing,Marketing Executive,MCA,5,58937,5,Yes,75,Yes,Single,Delhi,2012
EMP0218,Simran Sharma,Male,45,Marketing,Marketing Executive,B.Com,7,61244,2,Yes,76,No,Single,Pune,2012
EMP0219,Rahul Singh,Male,53,Sales,Sales Executive,MBA,15,98130,5,Yes,94,No,Married,Jaipur,2025
EMP0220,Sneha Singh,Male,58,Sales,Sales Executive,B.Tech,16,116558,3,Yes,96,No,Married,Pune,2010
EMP0221,Rohit Kaur,Male,46,Sales,Sales Executive,B.Tech,0,24776,1,No,95,Yes,Married,Bengaluru,2012
EMP0222,Neha Verma,Female,39,IT,Software Engineer,BBA,5,48947,2,No,100,No,Married,Chandigarh,2015
EMP0223,Anjali Yadav,Male,37,Operations,Team Lead,BBA,18,113177,4,Yes,80,Yes,Single,Jaipur,2023
EMP0224,Vikas Patel,Female,40,Customer Support,Support Executive,BBA,4,49458,2,No,76,Yes,Married,Mumbai,2016
EMP0225,Priya Kumar,Female,58,Marketing,Marketing Executive,MBA,5,52226,3,Yes,82,No,Married,Lucknow,2023
EMP0226,Arjun Sharma,Male,35,HR,HR Executive,B.Tech,9,67747,3,Yes,96,No,Single,Bengaluru,2021
EMP0227,Priya Joshi,Female,40,Sales,Sales Executive,MBA,2,42785,3,No,99,Yes,Single,Bengaluru,2022
EMP0228,Simran Kaur,Male,54,Marketing,Marketing Executive,B.Tech,14,101864,3,Yes,98,Yes,Single,Chandigarh,2014
EMP0229,Neha Patel,Female,31,R&D,Data Analyst,B.Tech,3,38477,4,Yes,95,Yes,Married,Bengaluru,2012
EMP0230,Pooja Mehta,Female,47,Customer Support,Support Executive,BBA,20,124249,5,No,79,No,Single,Jaipur,2017
EMP0231,Anjali Singh,Male,45,HR,HR Executive,BBA,16,116884,2,No,85,No,Married,Delhi,2013
EMP0232,Pooja Sharma,Female,22,Customer Support,Support Executive,B.Com,17,117738,3,Yes,85,Yes,Married,Lucknow,2019
EMP0233,Pooja Gupta,Female,42,HR,HR Executive,B.Com,8,71956,5,No,82,Yes,Single,Lucknow,2013
EMP0234,Arjun Sharma,Female,48,Sales,Sales Executive,MBA,7,56845,4,Yes,100,Yes,Single,Hyderabad,2016
EMP0235,Simran Verma,Female,47,R&D,Data Analyst,B.Com,5,61569,1,No,88,Yes,Married,Delhi,2020
EMP0236,Rohit Sharma,Female,44,R&D,Data Analyst,BBA,12,83505,4,No,82,Yes,Married,Bengaluru,2015
EMP0237,Priya Mehta,Female,34,Finance,Accountant,B.Com,19,122395,5,No,96,Yes,Single,Chandigarh,2012
EMP0238,Rahul Singh,Female,60,IT,Software Engineer,M.Com,4,46482,2,No,88,Yes,Married,Delhi,2011
EMP0239,Amit Singh,Female,25,Operations,Team Lead,B.Com,4,51077,3,No,83,Yes,Married,Bengaluru,2016
EMP0240,Priya Kaur,Female,35,Operations,Team Lead,BBA,14,100553,1,No,75,Yes,Single,Hyderabad,2020
EMP0241,Vikas Verma,Female,56,Customer Support,Support Executive,MBA,10,73243,4,No,83,No,Married,Pune,2014
EMP0242,Sneha Patel,Male,51,IT,Software Engineer,B.Com,2,41700,5,Yes,76,Yes,Married,Bengaluru,2019
EMP0243,Priya Kumar,Female,29,Marketing,Marketing Executive,B.Tech,13,90821,2,Yes,83,Yes,Married,Jaipur,2011
EMP0244,Karan Verma,Male,40,R&D,Data Analyst,B.Com,18,119074,2,Yes,92,Yes,Married,Jaipur,2017
EMP0245,Vikas Kumar,Female,21,Marketing,Marketing Executive,MBA,16,101926,5,Yes,94,No,Married,Mumbai,2024
EMP0246,Simran Sharma,Male,40,Marketing,Marketing Executive,BBA,5,57689,2,No,96,No,Single,Lucknow,2022
EMP0247,Karan Singh,Female,42,Operations,Team Lead,MCA,16,112822,4,Yes,100,Yes,Married,Lucknow,2015
EMP0248,Simran Singh,Male,23,R&D,Data Analyst,M.Com,6,57846,1,No,77,No,Married,Mumbai,2013
EMP0249,Anjali Gupta,Male,59,HR,HR Executive,MBA,13,97942,2,No,77,Yes,Married,Lucknow,2016
EMP0250,Anjali Gupta,Female,42,IT,Software Engineer,BBA,0,26619,5,Yes,93,Yes,Married,Jaipur,2023
EMP0251,Karan Patel,Male,48,HR,HR Executive,M.Com,8,65117,3,No,82,Yes,Married,Delhi,2024
EMP0252,Sneha Kumar,Female,55,HR,HR Executive,MCA,5,58425,2,No,78,Yes,Married,Hyderabad,2020
EMP0253,Rahul Joshi,Male,36,R&D,Data Analyst,MBA,18,119160,5,Yes,80,No,Married,Pune,2024
EMP0254,Vikas Kaur,Female,59,IT,Software Engineer,M.Com,14,93296,2,No,90,Yes,Married,Chandigarh,2025
EMP0255,Arjun Patel,Male,46,Sales,Sales Executive,M.Com,17,106252,5,Yes,86,Yes,Single,Delhi,2019
EMP0256,Rahul Yadav,Male,29,Finance,Accountant,B.Com,18,116516,4,No,76,Yes,Single,Mumbai,2012
EMP0257,Amit Singh,Male,28,IT,Software Engineer,B.Tech,13,87728,3,Yes,93,Yes,Married,Chandigarh,2019
EMP0258,Rohit Singh,Female,53,R&D,Data Analyst,MBA,16,101184,3,Yes,78,Yes,Single,Bengaluru,2023
EMP0259,Amit Kaur,Female,43,IT,Software Engineer,B.Com,7,63992,2,No,83,No,Single,Pune,2018
EMP0260,Vikas Gupta,Female,30,Operations,Team Lead,BBA,4,49011,4,No,97,No,Married,Chandigarh,2016
EMP0261,Arjun Joshi,Male,37,Finance,Accountant,B.Com,20,132021,2,Yes,90,Yes,Married,Mumbai,2017
EMP0262,Sneha Sharma,Male,48,Customer Support,Support Executive,B.Com,14,103817,2,No,79,No,Single,Delhi,2019
EMP0263,Pooja Kaur,Male,44,IT,Software Engineer,M.Com,8,65075,1,Yes,99,No,Married,Delhi,2016
EMP0264,Sneha Joshi,Male,49,Customer Support,Support Executive,B.Com,6,54924,1,No,93,Yes,Married,Hyderabad,2014
EMP0265,Anjali Sharma,Female,59,Sales,Sales Executive,B.Tech,5,55229,3,Yes,83,Yes,Married,Hyderabad,2020
EMP0266,Arjun Sharma,Male,26,Customer Support,Support Executive,B.Tech,3,45484,4,Yes,81,No,Married,Delhi,2010
EMP0267,Anjali Sharma,Female,33,IT,Software Engineer,B.Com,12,88690,4,Yes,97,No,Married,Delhi,2019
EMP0268,Amit Sharma,Male,56,Operations,Team Lead,B.Tech,5,48447,1,Yes,100,Yes,Single,Hyderabad,2018
EMP0269,Priya Verma,Male,37,Customer Support,Support Executive,MBA,19,124247,5,No,78,Yes,Married,Hyderabad,2021
EMP0270,Rahul Patel,Male,22,Finance,Accountant,B.Com,7,59854,2,Yes,90,No,Married,Mumbai,2015
EMP0271,Vikas Kumar,Female,56,Marketing,Marketing Executive,MBA,15,98705,2,No,94,No,Single,Delhi,2011
EMP0272,Amit Kumar,Female,24,Finance,Accountant,MCA,15,103467,2,Yes,97,Yes,Married,Bengaluru,2012
EMP0273,Arjun Gupta,Female,22,Finance,Accountant,BBA,11,78414,2,No,77,Yes,Single,Chandigarh,2010
EMP0274,Anjali Mehta,Female,35,Finance,Accountant,B.Tech,1,28096,3,No,82,Yes,Married,Chandigarh,2019
EMP0275,Neha Verma,Male,52,Sales,Sales Executive,MBA,1,40052,3,Yes,86,Yes,Single,Jaipur,2024
EMP0276,Simran Kumar,Female,52,Operations,Team Lead,M.Com,14,92692,4,No,80,Yes,Married,Mumbai,2015
EMP0277,Rohit Verma,Male,41,Finance,Accountant,MBA,0,20894,3,Yes,78,No,Married,Delhi,2013
EMP0278,Karan Singh,Female,21,Marketing,Marketing Executive,B.Tech,2,43133,2,No,81,Yes,Single,Chandigarh,2014
EMP0279,Priya Kaur,Male,59,IT,Software Engineer,B.Com,18,114137,3,No,98,No,Married,Bengaluru,2025
EMP0280,Anjali Yadav,Male,22,R&D,Data Analyst,MBA,2,33605,1,Yes,85,Yes,Single,Hyderabad,2013
EMP0281,Anjali Yadav,Male,55,Sales,Sales Executive,B.Com,12,92379,4,No,83,Yes,Married,Chandigarh,2013
EMP0282,Anjali Singh,Male,40,Finance,Accountant,MBA,2,36864,1,No,98,No,Married,Pune,2017
EMP0283,Rohit Verma,Male,23,Operations,Team Lead,MBA,13,92255,1,No,96,No,Single,Jaipur,2025
EMP0284,Amit Gupta,Female,51,IT,Software Engineer,MCA,17,111234,2,No,95,Yes,Single,Pune,2013
EMP0285,Simran Patel,Male,25,HR,HR Executive,BBA,2,40627,2,Yes,79,No,Married,Mumbai,2022
EMP0286,Vikas Kumar,Female,50,HR,HR Executive,MBA,6,59285,5,Yes,86,No,Married,Jaipur,2025
EMP0287,Priya Joshi,Male,58,Finance,Accountant,B.Tech,6,59492,4,Yes,80,No,Single,Hyderabad,2015
EMP0288,Arjun Sharma,Male,41,Customer Support,Support Executive,B.Tech,3,41441,1,No,79,Yes,Married,Delhi,2025
EMP0289,Vikas Kaur,Female,36,Finance,Accountant,MCA,16,110951,2,No,99,No,Married,Mumbai,2016
EMP0290,Priya Kaur,Female,55,HR,HR Executive,BBA,14,105057,1,Yes,94,No,Single,Hyderabad,2014
EMP0291,Rohit Singh,Male,54,Marketing,Marketing Executive,B.Tech,4,45889,4,No,81,Yes,Single,Lucknow,2010
EMP0292,Pooja Patel,Male,51,Finance,Accountant,MCA,18,113243,3,No,88,No,Married,Pune,2013
EMP0293,Amit Gupta,Female,50,IT,Software Engineer,BBA,15,110016,5,Yes,98,Yes,Married,Chandigarh,2024
EMP0294,Rohit Kumar,Male,50,Finance,Accountant,BBA,19,122479,4,No,91,Yes,Single,Pune,2012
EMP0295,Neha Joshi,Male,39,Sales,Sales Executive,B.Tech,3,38065,4,No,76,Yes,Married,Jaipur,2022
EMP0296,Neha Sharma,Female,49,R&D,Data Analyst,B.Tech,4,56472,3,No,83,Yes,Married,Hyderabad,2010
EMP0297,Sneha Gupta,Female,36,Marketing,Marketing Executive,MCA,17,114763,3,No,93,No,Single,Chandigarh,2011
EMP0298,Vikas Kumar,Female,45,R&D,Data Analyst,M.Com,13,86182,1,No,94,No,Married,Jaipur,2010
EMP0299,Sneha Patel,Female,46,Marketing,Marketing Executive,MCA,7,67686,1,Yes,89,No,Married,Chandigarh,2012
EMP0300,Rohit Kumar,Male,55,Marketing,Marketing Executive,BBA,19,131354,3,Yes,89,No,Married,Pune,2023
EMP0301,Simran Verma,Female,40,HR,HR Executive,B.Tech,12,95628,5,Yes,86,No,Single,Jaipur,2011
EMP0302,Neha Verma,Male,42,Marketing,Marketing Executive,B.Tech,9,67724,4,No,99,Yes,Married,Bengaluru,2018
EMP0303,Rahul Kumar,Female,53,Customer Support,Support Executive,B.Tech,11,86072,1,No,77,Yes,Single,Lucknow,2017
EMP0304,Priya Patel,Male,40,Operations,Team Lead,B.Tech,18,122317,4,No,85,Yes,Married,Chandigarh,2016
EMP0305,Karan Joshi,Female,45,Finance,Accountant,M.Com,0,27133,5,Yes,85,No,Married,Delhi,2013
EMP0306,Neha Gupta,Male,29,Sales,Sales Executive,MCA,5,49455,2,Yes,81,Yes,Single,Mumbai,2019
EMP0307,Arjun Verma,Female,28,Operations,Team Lead,MCA,20,127870,4,No,78,No,Single,Hyderabad,2012
EMP0308,Anjali Mehta,Female,21,Sales,Sales Executive,MBA,3,49622,4,Yes,94,No,Married,Jaipur,2025
EMP0309,Amit Mehta,Male,44,Customer Support,Support Executive,MCA,16,107655,3,No,96,Yes,Married,Hyderabad,2023
EMP0310,Anjali Patel,Female,60,R&D,Data Analyst,M.Com,7,59820,4,Yes,92,Yes,Single,Pune,2016
EMP0311,Neha Sharma,Male,23,Marketing,Marketing Executive,MCA,7,61373,5,Yes,78,Yes,Married,Chandigarh,2020
EMP0312,Pooja Kumar,Female,26,HR,HR Executive,B.Tech,0,28625,1,No,75,No,Single,Delhi,2011
EMP0313,Priya Sharma,Male,59,IT,Software Engineer,B.Com,17,107660,4,Yes,92,Yes,Single,Hyderabad,2020
EMP0314,Arjun Kumar,Male,44,Marketing,Marketing Executive,B.Tech,20,125606,3,Yes,95,Yes,Single,Pune,2023
EMP0315,Amit Singh,Female,38,Operations,Team Lead,BBA,14,106499,5,Yes,100,No,Single,Hyderabad,2019
EMP0316,Vikas Sharma,Male,50,Finance,Accountant,MCA,4,44402,2,No,82,No,Married,Mumbai,2011
EMP0317,Arjun Singh,Female,54,HR,HR Executive,MCA,20,132288,4,Yes,85,Yes,Married,Chandigarh,2011
EMP0318,Pooja Mehta,Male,41,HR,HR Executive,B.Com,9,66317,4,Yes,92,Yes,Single,Jaipur,2022
EMP0319,Arjun Patel,Female,40,Sales,Sales Executive,B.Tech,14,91059,5,No,93,Yes,Single,Pune,2019
EMP0320,Sneha Mehta,Male,46,R&D,Data Analyst,M.Com,17,118346,1,No,94,No,Married,Lucknow,2025
EMP0321,Amit Kumar,Male,55,HR,HR Executive,B.Com,13,85399,1,Yes,82,Yes,Married,Bengaluru,2019
EMP0322,Rohit Yadav,Male,37,Marketing,Marketing Executive,B.Com,20,132772,4,Yes,84,No,Single,Hyderabad,2018
EMP0323,Neha Joshi,Male,47,IT,Software Engineer,MBA,8,65561,3,Yes,88,No,Married,Lucknow,2023
EMP0324,Pooja Kaur,Female,59,Finance,Accountant,M.Com,20,134773,4,Yes,100,No,Single,Mumbai,2010
EMP0325,Vikas Patel,Male,31,Sales,Sales Executive,MCA,12,86619,3,No,83,No,Single,Jaipur,2017
EMP0326,Priya Verma,Male,33,IT,Software Engineer,BBA,6,61373,4,No,87,No,Single,Delhi,2014
EMP0327,Priya Patel,Male,46,R&D,Data Analyst,B.Com,5,52334,2,No,93,Yes,Married,Chandigarh,2011
EMP0328,Simran Kumar,Female,22,Customer Support,Support Executive,M.Com,4,54819,1,No,99,Yes,Married,Hyderabad,2019
EMP0329,Simran Verma,Female,28,Customer Support,Support Executive,B.Tech,9,70040,1,No,88,Yes,Single,Delhi,2013
EMP0330,Pooja Sharma,Male,50,Operations,Team Lead,MBA,4,51452,2,No,89,Yes,Single,Lucknow,2011
EMP0331,Rohit Kaur,Female,35,Finance,Accountant,M.Com,9,69593,2,No,77,Yes,Single,Chandigarh,2023
EMP0332,Rohit Joshi,Female,30,Operations,Team Lead,MBA,14,97336,4,No,89,No,Single,Mumbai,2011
EMP0333,Simran Verma,Male,47,IT,Software Engineer,B.Tech,8,75813,1,Yes,79,Yes,Single,Lucknow,2019
EMP0334,Karan Kumar,Female,21,R&D,Data Analyst,BBA,7,55450,4,Yes,76,No,Married,Mumbai,2019
EMP0335,Vikas Yadav,Male,57,R&D,Data Analyst,B.Com,11,82550,2,No,87,No,Married,Mumbai,2019
EMP0336,Arjun Verma,Female,47,Sales,Sales Executive,BBA,16,113972,2,Yes,77,Yes,Single,Bengaluru,2015
EMP0337,Anjali Joshi,Female,31,Customer Support,Support Executive,MBA,4,54488,1,No,85,Yes,Married,Jaipur,2023
EMP0338,Priya Kaur,Male,42,Sales,Sales Executive,B.Com,12,87657,2,Yes,96,Yes,Married,Jaipur,2011
EMP0339,Rohit Gupta,Male,23,Customer Support,Support Executive,BBA,6,62837,2,No,100,No,Single,Bengaluru,2019
EMP0340,Vikas Verma,Male,54,Marketing,Marketing Executive,MBA,17,109515,2,No,89,No,Married,Jaipur,2017
EMP0341,Simran Sharma,Male,49,R&D,Data Analyst,MCA,10,77701,1,No,85,Yes,Single,Pune,2018
EMP0342,Priya Verma,Female,50,Operations,Team Lead,MBA,18,120520,2,No,90,No,Married,Jaipur,2024
EMP0343,Simran Singh,Male,59,Finance,Accountant,B.Tech,12,86880,3,Yes,84,Yes,Married,Hyderabad,2024
EMP0344,Karan Patel,Female,44,Operations,Team Lead,MBA,20,122439,4,No,78,Yes,Single,Mumbai,2021
EMP0345,Pooja Kumar,Male,49,Operations,Team Lead,B.Com,12,95921,1,No,83,No,Single,Jaipur,2018
EMP0346,Arjun Kumar,Female,31,Marketing,Marketing Executive,BBA,18,114587,2,No,95,No,Single,Pune,2014
EMP0347,Rahul Yadav,Female,25,Finance,Accountant,M.Com,17,112963,5,Yes,100,Yes,Single,Bengaluru,2014
EMP0348,Neha Kaur,Male,57,R&D,Data Analyst,MBA,13,100460,3,No,86,Yes,Single,Pune,2025
EMP0349,Priya Sharma,Male,55,HR,HR Executive,MBA,0,36357,5,Yes,80,No,Single,Jaipur,2016
EMP0350,Anjali Patel,Female,46,Customer Support,Support Executive,B.Tech,19,117575,1,No,94,Yes,Married,Mumbai,2018
EMP0351,Vikas Joshi,Female,27,Finance,Accountant,BBA,10,81534,2,No,83,No,Married,Jaipur,2018
EMP0352,Neha Verma,Female,60,IT,Software Engineer,BBA,7,63698,1,No,99,Yes,Married,Chandigarh,2021
EMP0353,Neha Patel,Female,21,Marketing,Marketing Executive,M.Com,13,89688,1,Yes,97,Yes,Single,Delhi,2010
EMP0354,Neha Mehta,Male,39,Sales,Sales Executive,M.Com,11,88645,1,No,78,No,Married,Lucknow,2019
EMP0355,Arjun Kumar,Female,36,IT,Software Engineer,B.Tech,19,118766,5,Yes,75,No,Single,Chandigarh,2012
EMP0356,Pooja Yadav,Male,26,IT,Software Engineer,MBA,12,94700,3,Yes,75,No,Single,Bengaluru,2023
EMP0357,Priya Verma,Female,26,Operations,Team Lead,B.Com,4,53150,2,No,91,No,Single,Lucknow,2020
EMP0358,Arjun Kumar,Male,30,Finance,Accountant,B.Com,14,99422,5,No,85,No,Single,Hyderabad,2016
EMP0359,Neha Sharma,Male,49,Marketing,Marketing Executive,B.Com,19,126322,3,No,75,Yes,Married,Pune,2016
EMP0360,Neha Sharma,Female,31,IT,Software Engineer,B.Com,19,124575,4,No,85,No,Single,Pune,2013
EMP0361,Neha Kumar,Female,50,R&D,Data Analyst,B.Tech,13,99502,1,No,95,Yes,Single,Mumbai,2017
EMP0362,Vikas Joshi,Male,29,Operations,Team Lead,MCA,12,82598,2,Yes,91,Yes,Single,Hyderabad,2015
EMP0363,Sneha Kaur,Male,56,Customer Support,Support Executive,MBA,0,33450,1,No,88,Yes,Single,Lucknow,2020
EMP0364,Amit Verma,Female,23,R&D,Data Analyst,B.Tech,16,103791,3,No,85,Yes,Single,Lucknow,2023
EMP0365,Vikas Kaur,Female,58,R&D,Data Analyst,B.Com,11,76459,3,No,78,Yes,Married,Mumbai,2023
EMP0366,Rohit Joshi,Female,27,IT,Software Engineer,B.Com,8,71018,4,No,80,Yes,Single,Pune,2013
EMP0367,Rohit Kumar,Male,37,R&D,Data Analyst,BBA,14,96104,5,Yes,77,Yes,Single,Bengaluru,2010
EMP0368,Amit Kumar,Female,59,Sales,Sales Executive,MBA,5,48355,2,No,82,No,Single,Delhi,2015
EMP0369,Neha Joshi,Male,44,IT,Software Engineer,B.Com,15,97630,2,No,99,No,Single,Mumbai,2012
EMP0370,Vikas Mehta,Male,43,Operations,Team Lead,MBA,4,51262,4,Yes,95,Yes,Married,Jaipur,2022
EMP0371,Simran Joshi,Male,51,Operations,Team Lead,B.Com,5,45960,2,No,96,Yes,Married,Lucknow,2024
EMP0372,Vikas Mehta,Male,33,Customer Support,Support Executive,BBA,17,118978,4,No,81,No,Married,Delhi,2010
EMP0373,Sneha Yadav,Male,26,IT,Software Engineer,M.Com,1,29838,1,No,80,Yes,Single,Jaipur,2025
EMP0374,Karan Joshi,Male,37,IT,Software Engineer,M.Com,2,41958,2,Yes,100,Yes,Single,Jaipur,2022
EMP0375,Priya Sharma,Male,50,Customer Support,Support Executive,B.Tech,13,86127,4,No,96,No,Single,Pune,2024
EMP0376,Rahul Yadav,Male,31,Marketing,Marketing Executive,MBA,11,84741,3,No,100,Yes,Married,Lucknow,2021
EMP0377,Karan Joshi,Female,48,R&D,Data Analyst,M.Com,10,71056,1,No,98,No,Married,Delhi,2024
EMP0378,Neha Mehta,Female,50,R&D,Data Analyst,MCA,17,119831,1,Yes,99,Yes,Married,Jaipur,2012
EMP0379,Amit Kumar,Male,50,IT,Software Engineer,B.Com,7,65475,2,No,76,No,Single,Jaipur,2022
EMP0380,Rahul Sharma,Female,52,R&D,Data Analyst,B.Tech,19,120580,3,No,92,Yes,Single,Pune,2022
EMP0381,Priya Verma,Female,34,Finance,Accountant,M.Com,8,66587,2,No,97,No,Single,Jaipur,2016
EMP0382,Vikas Joshi,Female,58,Sales,Sales Executive,MBA,18,110144,1,Yes,95,No,Married,Jaipur,2011
EMP0383,Rahul Verma,Female,35,Operations,Team Lead,MCA,0,25743,1,No,82,Yes,Married,Mumbai,2019
EMP0384,Vikas Gupta,Male,50,HR,HR Executive,B.Tech,12,86689,1,Yes,82,Yes,Married,Pune,2023
EMP0385,Pooja Gupta,Male,54,HR,HR Executive,M.Com,20,136196,5,No,96,No,Single,Pune,2014
EMP0386,Rahul Sharma,Female,55,Sales,Sales Executive,MBA,3,51932,4,No,80,No,Married,Hyderabad,2017
EMP0387,Anjali Yadav,Male,23,R&D,Data Analyst,B.Tech,8,70983,1,Yes,76,Yes,Single,Bengaluru,2022
EMP0388,Karan Patel,Male,51,Customer Support,Support Executive,MBA,4,49313,4,Yes,97,Yes,Single,Hyderabad,2014
EMP0389,Karan Kumar,Male,52,IT,Software Engineer,B.Com,14,97434,2,Yes,96,No,Single,Delhi,2010
EMP0390,Arjun Gupta,Female,54,Operations,Team Lead,B.Tech,19,126928,3,No,85,Yes,Single,Chandigarh,2011
EMP0391,Neha Kumar,Male,38,IT,Software Engineer,BBA,0,27308,2,Yes,90,No,Single,Bengaluru,2011
EMP0392,Neha Joshi,Female,34,Marketing,Marketing Executive,M.Com,13,95712,5,Yes,99,Yes,Married,Hyderabad,2011
EMP0393,Rahul Singh,Female,29,Finance,Accountant,BBA,12,82811,5,Yes,99,Yes,Single,Delhi,2014
EMP0394,Sneha Singh,Female,57,IT,Software Engineer,BBA,12,81848,1,No,95,No,Married,Delhi,2015
EMP0395,Neha Singh,Female,25,Customer Support,Support Executive,MBA,10,72102,3,Yes,98,No,Married,Mumbai,2020
EMP0396,Vikas Verma,Female,29,Customer Support,Support Executive,B.Com,14,97792,2,Yes,94,No,Single,Mumbai,2016
EMP0397,Pooja Kaur,Male,32,Operations,Team Lead,B.Com,15,109885,2,Yes,81,Yes,Single,Hyderabad,2021
EMP0398,Pooja Joshi,Male,59,Customer Support,Support Executive,BBA,0,34517,4,Yes,100,Yes,Single,Hyderabad,2025
EMP0399,Vikas Mehta,Male,48,R&D,Data Analyst,MCA,4,56719,5,Yes,84,No,Married,Hyderabad,2014
EMP0400,Vikas Mehta,Male,46,Sales,Sales Executive,B.Tech,15,99036,5,Yes,80,No,Married,Pune,2023
EMP0401,Rahul Patel,Male,58,Finance,Accountant,B.Com,17,105577,2,Yes,83,Yes,Single,Bengaluru,2014
EMP0402,Rahul Kaur,Male,43,Customer Support,Support Executive,MCA,16,108221,5,Yes,82,No,Married,Lucknow,2017
EMP0403,Amit Kumar,Male,46,IT,Software Engineer,B.Com,12,84102,1,No,80,Yes,Single,Hyderabad,2015
EMP0404,Karan Joshi,Male,59,R&D,Data Analyst,B.Tech,14,98748,3,No,96,Yes,Single,Bengaluru,2014
EMP0405,Rohit Singh,Male,53,Finance,Accountant,MBA,10,76098,3,No,80,Yes,Single,Chandigarh,2015
EMP0406,Karan Kaur,Male,38,Sales,Sales Executive,BBA,0,22677,5,No,94,No,Married,Hyderabad,2023
EMP0407,Vikas Kaur,Female,22,Operations,Team Lead,B.Com,3,50273,2,Yes,99,No,Married,Delhi,2012
EMP0408,Rahul Kaur,Male,30,Finance,Accountant,B.Tech,15,98785,4,Yes,89,No,Single,Delhi,2020
EMP0409,Priya Sharma,Male,36,HR,HR Executive,BBA,17,106510,3,Yes,86,No,Single,Delhi,2012
EMP0410,Karan Sharma,Male,42,Sales,Sales Executive,MBA,2,38572,3,No,81,No,Married,Mumbai,2013
EMP0411,Arjun Verma,Female,44,HR,HR Executive,M.Com,9,68927,1,No,89,No,Married,Bengaluru,2024
EMP0412,Rohit Joshi,Female,52,R&D,Data Analyst,B.Tech,12,80153,1,No,98,No,Single,Bengaluru,2024
EMP0413,Sneha Singh,Male,37,Customer Support,Support Executive,B.Com,0,27410,2,No,92,Yes,Married,Lucknow,2018
EMP0414,Sneha Sharma,Male,26,Marketing,Marketing Executive,B.Tech,2,37261,4,Yes,83,Yes,Married,Hyderabad,2014
EMP0415,Karan Mehta,Male,53,Operations,Team Lead,MBA,1,25923,4,Yes,96,No,Single,Hyderabad,2011
EMP0416,Vikas Mehta,Female,57,IT,Software Engineer,B.Tech,10,80112,2,No,88,No,Single,Hyderabad,2018
EMP0417,Priya Kumar,Female,51,R&D,Data Analyst,M.Com,14,102473,3,No,100,Yes,Single,Hyderabad,2023
EMP0418,Priya Mehta,Female,26,Customer Support,Support Executive,M.Com,10,81504,4,No,90,No,Single,Pune,2019
EMP0419,Pooja Yadav,Female,46,IT,Software Engineer,MBA,5,60397,2,Yes,94,Yes,Single,Bengaluru,2015
EMP0420,Priya Verma,Male,38,Customer Support,Support Executive,M.Com,16,105187,3,Yes,77,No,Single,Mumbai,2022
EMP0421,Priya Sharma,Female,33,Sales,Sales Executive,M.Com,20,134747,1,No,96,Yes,Single,Jaipur,2013
EMP0422,Sneha Singh,Male,60,IT,Software Engineer,B.Com,19,116114,4,Yes,81,Yes,Married,Mumbai,2012
EMP0423,Sneha Kumar,Male,43,Finance,Accountant,B.Tech,18,118292,1,No,80,No,Married,Delhi,2013
EMP0424,Anjali Singh,Male,51,IT,Software Engineer,MBA,3,50981,2,No,84,Yes,Married,Delhi,2010
EMP0425,Priya Mehta,Male,47,IT,Software Engineer,M.Com,5,59946,2,Yes,81,Yes,Single,Mumbai,2019
EMP0426,Priya Kumar,Male,60,Marketing,Marketing Executive,BBA,17,106086,4,No,81,No,Married,Lucknow,2012
EMP0427,Karan Kumar,Female,33,Customer Support,Support Executive,B.Com,4,46801,4,Yes,88,No,Married,Jaipur,2010
EMP0428,Rohit Verma,Male,56,Finance,Accountant,MCA,1,29176,3,No,87,No,Single,Jaipur,2025
EMP0429,Pooja Yadav,Female,46,Finance,Accountant,MCA,3,48946,4,Yes,96,No,Married,Lucknow,2020
EMP0430,Anjali Patel,Male,56,IT,Software Engineer,MBA,18,110470,1,Yes,94,Yes,Married,Lucknow,2018
EMP0431,Pooja Sharma,Female,38,Operations,Team Lead,M.Com,6,63812,2,No,78,No,Single,Bengaluru,2012
EMP0432,Priya Patel,Male,37,R&D,Data Analyst,B.Tech,20,129985,2,No,84,No,Single,Jaipur,2019
EMP0433,Karan Singh,Male,27,Sales,Sales Executive,MBA,8,75339,2,No,80,No,Married,Hyderabad,2015
EMP0434,Rohit Kaur,Male,27,Sales,Sales Executive,M.Com,8,68393,3,Yes,82,Yes,Single,Bengaluru,2016
EMP0435,Vikas Sharma,Female,41,Marketing,Marketing Executive,B.Com,6,58259,3,No,90,Yes,Married,Hyderabad,2022
EMP0436,Vikas Gupta,Female,60,R&D,Data Analyst,B.Com,12,96348,2,No,80,Yes,Single,Bengaluru,2021
EMP0437,Arjun Joshi,Male,47,Sales,Sales Executive,BBA,10,73588,3,Yes,90,Yes,Married,Jaipur,2011
EMP0438,Rahul Sharma,Female,52,Finance,Accountant,B.Com,17,108659,4,Yes,77,Yes,Single,Mumbai,2023
EMP0439,Sneha Yadav,Female,55,Marketing,Marketing Executive,M.Com,19,122272,1,Yes,86,Yes,Married,Hyderabad,2022
EMP0440,Rahul Verma,Male,44,R&D,Data Analyst,MBA,12,94571,3,Yes,84,No,Single,Pune,2023
EMP0441,Pooja Kaur,Male,56,Marketing,Marketing Executive,B.Tech,4,51827,1,Yes,97,Yes,Single,Pune,2023
EMP0442,Sneha Yadav,Male,60,Marketing,Marketing Executive,BBA,19,117149,3,Yes,94,Yes,Single,Bengaluru,2010
EMP0443,Rahul Kumar,Female,54,Sales,Sales Executive,B.Tech,11,82869,2,No,86,No,Married,Lucknow,2021
EMP0444,Arjun Verma,Male,60,HR,HR Executive,MBA,17,113473,3,No,82,No,Single,Delhi,2024
EMP0445,Karan Verma,Female,44,IT,Software Engineer,MCA,1,36543,4,Yes,83,Yes,Married,Jaipur,2010
EMP0446,Simran Kumar,Male,42,Operations,Team Lead,M.Com,19,128654,3,Yes,77,Yes,Married,Hyderabad,2017
EMP0447,Sneha Verma,Female,21,HR,HR Executive,MBA,19,122168,5,No,97,No,Married,Pune,2024
EMP0448,Rohit Sharma,Female,60,Customer Support,Support Executive,B.Com,10,83166,1,Yes,100,No,Single,Delhi,2017
EMP0449,Rahul Sharma,Male,56,R&D,Data Analyst,MBA,12,80530,2,Yes,89,No,Married,Jaipur,2015
EMP0450,Rahul Singh,Male,34,Operations,Team Lead,MBA,13,91161,4,Yes,86,No,Single,Mumbai,2013
EMP0451,Vikas Joshi,Female,28,HR,HR Executive,B.Com,11,88517,2,No,98,No,Married,Chandigarh,2022
EMP0452,Simran Sharma,Female,27,HR,HR Executive,B.Com,12,87279,3,No,80,No,Single,Delhi,2017
EMP0453,Priya Kumar,Female,28,HR,HR Executive,MCA,17,106852,4,Yes,95,No,Married,Chandigarh,2012
EMP0454,Arjun Verma,Male,56,HR,HR Executive,B.Com,0,24383,3,No,87,No,Married,Chandigarh,2025
EMP0455,Rahul Patel,Male,23,IT,Software Engineer,MBA,0,35361,3,No,84,No,Married,Hyderabad,2012
EMP0456,Rahul Kaur,Male,47,Operations,Team Lead,BBA,15,109067,2,Yes,89,No,Married,Pune,2024
EMP0457,Rohit Kaur,Male,41,Marketing,Marketing Executive,MBA,11,87714,2,No,98,Yes,Married,Lucknow,2020
EMP0458,Anjali Patel,Female,26,Operations,Team Lead,B.Tech,10,80503,2,No,75,Yes,Married,Bengaluru,2010
EMP0459,Priya Yadav,Female,30,Operations,Team Lead,B.Tech,9,79877,4,Yes,96,Yes,Married,Delhi,2021
EMP0460,Karan Yadav,Male,35,Marketing,Marketing Executive,B.Tech,12,82643,5,Yes,83,No,Single,Mumbai,2013
EMP0461,Simran Yadav,Female,35,Sales,Sales Executive,MCA,2,30948,4,No,79,No,Married,Chandigarh,2025
EMP0462,Rohit Kaur,Male,43,Marketing,Marketing Executive,MBA,6,57197,4,Yes,95,No,Single,Jaipur,2014
EMP0463,Sneha Verma,Female,35,HR,HR Executive,B.Com,19,122211,1,Yes,78,No,Married,Lucknow,2025
EMP0464,Simran Sharma,Male,42,Customer Support,Support Executive,M.Com,7,56326,5,Yes,98,No,Married,Chandigarh,2021
EMP0465,Priya Kaur,Female,50,Finance,Accountant,B.Tech,8,61627,4,No,86,No,Married,Pune,2023
EMP0466,Pooja Singh,Female,22,Sales,Sales Executive,B.Com,2,37761,2,No,92,Yes,Single,Bengaluru,2024
EMP0467,Rohit Yadav,Female,42,Customer Support,Support Executive,B.Tech,7,55521,4,Yes,79,Yes,Single,Jaipur,2012
EMP0468,Neha Kaur,Female,33,HR,HR Executive,B.Tech,8,62753,5,Yes,84,Yes,Single,Hyderabad,2010
EMP0469,Vikas Kumar,Male,33,Operations,Team Lead,MCA,2,44233,3,No,82,Yes,Married,Chandigarh,2013
EMP0470,Pooja Patel,Female,39,HR,HR Executive,MBA,12,90445,5,No,96,Yes,Single,Chandigarh,2015
EMP0471,Karan Kumar,Male,42,Operations,Team Lead,M.Com,17,108331,1,No,75,No,Married,Pune,2019
EMP0472,Karan Joshi,Male,33,Marketing,Marketing Executive,M.Com,10,78735,3,Yes,95,Yes,Married,Delhi,2022
EMP0473,Vikas Yadav,Female,31,Customer Support,Support Executive,MBA,15,106870,4,No,99,No,Single,Bengaluru,2018
EMP0474,Anjali Joshi,Male,50,R&D,Data Analyst,BBA,4,53775,3,No,75,No,Single,Jaipur,2016
EMP0475,Simran Kumar,Male,57,R&D,Data Analyst,MCA,10,74776,5,No,93,No,Married,Pune,2017
EMP0476,Neha Sharma,Female,31,Marketing,Marketing Executive,MBA,6,57035,2,Yes,94,No,Married,Jaipur,2024
EMP0477,Karan Verma,Female,38,Marketing,Marketing Executive,B.Com,19,128467,4,No,79,No,Single,Chandigarh,2020
EMP0478,Sneha Verma,Female,30,R&D,Data Analyst,B.Tech,18,114809,5,No,75,Yes,Single,Pune,2013
EMP0479,Sneha Mehta,Female,54,HR,HR Executive,MBA,6,56692,3,Yes,80,No,Single,Lucknow,2023
EMP0480,Neha Patel,Male,57,Customer Support,Support Executive,BBA,13,101893,4,No,86,No,Married,Pune,2013
EMP0481,Karan Singh,Male,39,IT,Software Engineer,M.Com,10,75355,1,Yes,83,No,Married,Jaipur,2012
EMP0482,Neha Mehta,Female,27,Marketing,Marketing Executive,MBA,6,52840,2,Yes,90,No,Married,Hyderabad,2021
EMP0483,Anjali Kumar,Male,30,Sales,Sales Executive,M.Com,19,123291,5,No,97,Yes,Married,Chandigarh,2012
EMP0484,Rahul Patel,Female,40,Operations,Team Lead,B.Com,2,35139,5,No,77,No,Married,Delhi,2011
EMP0485,Priya Verma,Male,50,Finance,Accountant,BBA,17,112146,2,No,79,No,Married,Bengaluru,2016
EMP0486,Anjali Kaur,Female,28,Marketing,Marketing Executive,B.Com,8,69317,5,No,86,Yes,Married,Pune,2017
EMP0487,Neha Gupta,Female,25,HR,HR Executive,BBA,2,43230,5,Yes,77,No,Single,Chandigarh,2021
EMP0488,Pooja Singh,Female,24,Sales,Sales Executive,B.Com,7,55015,5,Yes,87,No,Single,Hyderabad,2013
EMP0489,Anjali Verma,Female,56,R&D,Data Analyst,BBA,16,103170,4,Yes,87,Yes,Single,Jaipur,2023
EMP0490,Priya Kaur,Female,29,Sales,Sales Executive,BBA,5,53431,4,No,76,Yes,Single,Lucknow,2016
EMP0491,Priya Singh,Male,37,Customer Support,Support Executive,MCA,9,67990,3,No,76,Yes,Single,Jaipur,2023
EMP0492,Sneha Kaur,Female,38,Marketing,Marketing Executive,MBA,2,41779,1,Yes,92,Yes,Married,Mumbai,2018
EMP0493,Sneha Verma,Female,40,Customer Support,Support Executive,M.Com,10,83455,2,Yes,83,Yes,Married,Jaipur,2012
EMP0494,Anjali Kumar,Female,42,Operations,Team Lead,BBA,1,34168,2,Yes,100,No,Married,Lucknow,2021
EMP0495,Arjun Gupta,Female,40,Finance,Accountant,B.Com,13,95375,3,Yes,100,Yes,Single,Hyderabad,2011
EMP0496,Amit Sharma,Male,56,Operations,Team Lead,B.Com,0,30291,5,No,86,Yes,Single,Bengaluru,2013
EMP0497,Rahul Patel,Male,35,HR,HR Executive,MBA,7,61403,5,No,89,No,Single,Pune,2019
EMP0498,Pooja Mehta,Female,47,Sales,Sales Executive,M.Com,10,70278,4,Yes,95,Yes,Single,Jaipur,2016
EMP0499,Neha Yadav,Female,37,Marketing,Marketing Executive,B.Tech,13,91145,4,No,85,Yes,Married,Hyderabad,2011
EMP0500,Priya Gupta,Female,45,Customer Support,Support Executive,B.Com,17,107910,4,No,76,No,Single,Hyderabad,2014
EMP0501,Priya Gupta,Male,45,IT,Software Engineer,B.Com,8,72260,2,Yes,79,Yes,Married,Pune,2015
EMP0502,Priya Mehta,Male,37,Operations,Team Lead,B.Com,4,48761,3,Yes,99,Yes,Single,Jaipur,2023
EMP0503,Simran Sharma,Female,23,HR,HR Executive,B.Com,9,79284,4,Yes,76,No,Single,Lucknow,2018
EMP0504,Rahul Sharma,Male,59,R&D,Data Analyst,MBA,0,26605,1,Yes,87,No,Single,Pune,2025
EMP0505,Amit Kumar,Male,30,Sales,Sales Executive,M.Com,8,62372,4,No,85,Yes,Single,Delhi,2024
EMP0506,Pooja Mehta,Female,33,Customer Support,Support Executive,M.Com,18,120098,1,No,98,Yes,Married,Pune,2019
EMP0507,Priya Gupta,Female,27,Finance,Accountant,M.Com,13,87105,3,Yes,76,No,Single,Mumbai,2021
EMP0508,Pooja Kaur,Male,53,HR,HR Executive,B.Com,14,102177,1,Yes,91,No,Single,Jaipur,2013
EMP0509,Amit Patel,Male,33,IT,Software Engineer,MBA,6,65100,3,No,78,No,Married,Bengaluru,2022
EMP0510,Anjali Verma,Male,23,Operations,Team Lead,BBA,6,54566,5,No,85,Yes,Married,Lucknow,2013
EMP0511,Priya Mehta,Female,47,Sales,Sales Executive,B.Com,12,80685,4,Yes,75,No,Married,Pune,2016
EMP0512,Anjali Singh,Female,46,R&D,Data Analyst,BBA,13,99866,4,No,89,Yes,Single,Pune,2013
EMP0513,Neha Kumar,Male,28,HR,HR Executive,MCA,8,60110,5,Yes,90,No,Married,Pune,2024
EMP0514,Neha Mehta,Male,33,HR,HR Executive,MCA,1,32398,2,No,78,Yes,Single,Bengaluru,2023
EMP0515,Rohit Joshi,Male,31,Finance,Accountant,MBA,15,95901,2,No,90,Yes,Married,Lucknow,2021
EMP0516,Sneha Sharma,Female,21,IT,Software Engineer,MCA,9,71794,2,Yes,92,No,Single,Mumbai,2021
EMP0517,Pooja Mehta,Female,34,Customer Support,Support Executive,B.Tech,16,109075,3,Yes,97,No,Single,Lucknow,2022
EMP0518,Vikas Verma,Male,21,Sales,Sales Executive,MBA,8,70673,2,Yes,81,No,Married,Bengaluru,2024
EMP0519,Pooja Mehta,Female,49,IT,Software Engineer,M.Com,20,123927,2,Yes,78,Yes,Married,Bengaluru,2011
EMP0520,Simran Singh,Male,37,R&D,Data Analyst,B.Com,7,64006,1,Yes,78,No,Married,Hyderabad,2011
EMP0521,Rahul Yadav,Male,46,Marketing,Marketing Executive,MBA,18,114449,1,No,97,Yes,Married,Lucknow,2022
EMP0522,Amit Verma,Male,26,Sales,Sales Executive,M.Com,16,103003,4,No,87,No,Married,Jaipur,2024
EMP0523,Simran Joshi,Female,47,Customer Support,Support Executive,B.Tech,8,73317,1,Yes,84,Yes,Single,Bengaluru,2010
EMP0524,Priya Sharma,Male,28,HR,HR Executive,MCA,2,43365,2,Yes,80,Yes,Married,Lucknow,2015
EMP0525,Vikas Mehta,Female,41,R&D,Data Analyst,MCA,9,74019,1,Yes,99,Yes,Married,Mumbai,2020
EMP0526,Arjun Mehta,Male,23,Operations,Team Lead,MCA,5,47537,3,Yes,78,No,Single,Jaipur,2012
EMP0527,Vikas Sharma,Female,56,R&D,Data Analyst,BBA,10,75283,1,No,84,Yes,Married,Jaipur,2017
EMP0528,Rohit Kaur,Male,37,IT,Software Engineer,BBA,17,111523,5,No,91,No,Single,Pune,2011
EMP0529,Vikas Verma,Male,51,Marketing,Marketing Executive,BBA,6,51406,1,No,78,Yes,Single,Pune,2022
EMP0530,Rohit Kumar,Female,31,Marketing,Marketing Executive,B.Tech,16,115074,1,No,95,No,Married,Mumbai,2010
EMP0531,Neha Yadav,Male,32,IT,Software Engineer,M.Com,18,112728,2,No,92,Yes,Single,Delhi,2022
EMP0532,Pooja Singh,Female,26,R&D,Data Analyst,B.Com,0,32429,5,Yes,79,No,Married,Pune,2010
EMP0533,Pooja Joshi,Male,59,Finance,Accountant,MCA,11,84517,1,No,75,No,Married,Hyderabad,2021
EMP0534,Karan Sharma,Male,34,R&D,Data Analyst,B.Com,11,88504,2,Yes,91,Yes,Single,Chandigarh,2020
EMP0535,Vikas Yadav,Male,33,R&D,Data Analyst,B.Com,7,57735,1,Yes,90,No,Married,Bengaluru,2022
EMP0536,Amit Gupta,Female,42,Marketing,Marketing Executive,MCA,13,97657,3,Yes,78,No,Single,Hyderabad,2019
EMP0537,Neha Joshi,Female,56,Customer Support,Support Executive,B.Com,20,130168,2,No,96,Yes,Single,Pune,2011
EMP0538,Anjali Patel,Female,34,Operations,Team Lead,B.Com,15,107884,2,No,75,Yes,Single,Mumbai,2013
EMP0539,Priya Joshi,Male,41,Marketing,Marketing Executive,MBA,13,86929,4,Yes,80,No,Single,Pune,2022
EMP0540,Amit Kaur,Male,47,Marketing,Marketing Executive,MCA,0,32257,1,Yes,94,No,Single,Pune,2011
EMP0541,Amit Yadav,Male,50,Sales,Sales Executive,B.Tech,16,115757,3,No,84,Yes,Single,Jaipur,2015
EMP0542,Neha Kumar,Male,23,Operations,Team Lead,MCA,11,78798,5,No,86,Yes,Married,Bengaluru,2013
EMP0543,Karan Yadav,Female,47,Finance,Accountant,B.Com,9,71647,2,No,88,No,Married,Pune,2021
EMP0544,Arjun Kaur,Male,42,Operations,Team Lead,BBA,13,88808,4,No,89,Yes,Single,Jaipur,2023
EMP0545,Priya Joshi,Female,56,IT,Software Engineer,B.Com,4,55107,1,No,82,Yes,Married,Lucknow,2021
EMP0546,Karan Joshi,Female,44,Sales,Sales Executive,B.Com,19,129795,5,No,93,Yes,Single,Lucknow,2021
EMP0547,Arjun Kumar,Male,53,Operations,Team Lead,MBA,14,105649,2,No,84,Yes,Single,Mumbai,2022
EMP0548,Simran Kaur,Male,29,HR,HR Executive,B.Com,13,101834,5,Yes,89,Yes,Single,Delhi,2024
EMP0549,Vikas Patel,Female,29,HR,HR Executive,M.Com,3,48505,2,Yes,100,No,Married,Jaipur,2024
EMP0550,Priya Mehta,Female,57,Operations,Team Lead,B.Tech,7,64108,3,Yes,87,Yes,Married,Lucknow,2016
EMP0551,Anjali Yadav,Male,29,Marketing,Marketing Executive,MBA,15,107416,1,No,83,Yes,Married,Pune,2022
EMP0552,Arjun Patel,Female,34,Sales,Sales Executive,MBA,7,67508,2,No,84,No,Married,Hyderabad,2010
EMP0553,Karan Sharma,Female,36,Sales,Sales Executive,B.Tech,16,103520,2,Yes,89,Yes,Married,Pune,2022
EMP0554,Simran Yadav,Male,48,R&D,Data Analyst,MBA,20,132109,3,Yes,94,No,Married,Bengaluru,2019
EMP0555,Anjali Kumar,Female,36,Marketing,Marketing Executive,B.Com,15,105519,4,Yes,77,No,Single,Pune,2019
EMP0556,Neha Patel,Male,46,R&D,Data Analyst,BBA,11,82235,5,No,95,No,Single,Chandigarh,2014
EMP0557,Amit Singh,Female,50,HR,HR Executive,M.Com,16,112695,2,No,85,No,Single,Lucknow,2012
EMP0558,Pooja Joshi,Male,34,Marketing,Marketing Executive,B.Com,9,72082,2,No,89,Yes,Married,Pune,2019
EMP0559,Amit Joshi,Male,42,Sales,Sales Executive,B.Tech,19,125479,3,No,99,No,Single,Delhi,2016
EMP0560,Pooja Kaur,Female,33,Operations,Team Lead,B.Com,18,125391,5,No,77,Yes,Married,Delhi,2017
EMP0561,Rahul Joshi,Male,57,Sales,Sales Executive,B.Com,8,74458,5,No,87,No,Single,Lucknow,2018
EMP0562,Vikas Verma,Female,34,HR,HR Executive,MCA,1,25796,4,Yes,81,No,Married,Pune,2018
EMP0563,Priya Patel,Male,30,R&D,Data Analyst,MBA,18,118716,2,No,87,No,Married,Bengaluru,2022
EMP0564,Simran Joshi,Male,49,HR,HR Executive,MCA,17,105504,1,No,92,Yes,Married,Hyderabad,2010
EMP0565,Simran Verma,Female,56,Finance,Accountant,B.Com,7,59579,4,Yes,78,Yes,Single,Hyderabad,2016
EMP0566,Vikas Patel,Male,55,Sales,Sales Executive,B.Tech,16,111845,3,No,94,No,Single,Lucknow,2011
EMP0567,Amit Kumar,Female,31,Marketing,Marketing Executive,M.Com,15,110249,4,No,86,No,Married,Delhi,2015
EMP0568,Priya Singh,Female,49,Sales,Sales Executive,BBA,1,32971,5,Yes,89,Yes,Single,Hyderabad,2013
EMP0569,Rahul Joshi,Male,55,Sales,Sales Executive,M.Com,15,101251,3,Yes,94,No,Single,Jaipur,2011
EMP0570,Pooja Yadav,Male,51,Marketing,Marketing Executive,MCA,4,41607,3,Yes,86,Yes,Married,Mumbai,2024
EMP0571,Arjun Mehta,Male,32,Finance,Accountant,MCA,8,76684,5,Yes,82,Yes,Single,Hyderabad,2019
EMP0572,Karan Sharma,Male,27,Sales,Sales Executive,BBA,0,31239,4,Yes,78,Yes,Married,Bengaluru,2014
EMP0573,Amit Sharma,Male,23,IT,Software Engineer,MCA,10,72787,5,No,86,Yes,Single,Mumbai,2023
EMP0574,Simran Sharma,Male,48,Marketing,Marketing Executive,MBA,2,30589,2,No,97,No,Married,Bengaluru,2017
EMP0575,Karan Yadav,Female,45,Customer Support,Support Executive,BBA,16,109231,4,No,92,No,Single,Hyderabad,2013
EMP0576,Sneha Mehta,Male,38,Operations,Team Lead,B.Tech,20,129992,1,No,95,No,Married,Pune,2018
EMP0577,Rahul Patel,Male,51,Sales,Sales Executive,MCA,15,110968,3,Yes,97,No,Single,Chandigarh,2013
EMP0578,Vikas Gupta,Male,51,Finance,Accountant,M.Com,13,97366,3,No,99,No,Single,Jaipur,2024
EMP0579,Simran Yadav,Male,29,Marketing,Marketing Executive,B.Com,3,43695,4,No,96,No,Single,Chandigarh,2017
EMP0580,Vikas Patel,Female,29,HR,HR Executive,B.Tech,13,100220,4,Yes,88,Yes,Single,Mumbai,2012
EMP0581,Sneha Kumar,Male,38,Marketing,Marketing Executive,B.Tech,13,89514,3,Yes,96,Yes,Married,Lucknow,2018
EMP0582,Neha Singh,Female,31,R&D,Data Analyst,M.Com,6,54798,5,Yes,86,No,Single,Bengaluru,2016
EMP0583,Karan Sharma,Female,60,IT,Software Engineer,B.Com,6,56907,3,Yes,80,Yes,Single,Hyderabad,2021
EMP0584,Simran Gupta,Male,45,Customer Support,Support Executive,B.Com,17,110284,2,Yes,76,No,Married,Hyderabad,2017
EMP0585,Neha Gupta,Female,37,HR,HR Executive,MBA,12,90408,5,No,83,No,Single,Hyderabad,2020
EMP0586,Simran Sharma,Male,31,HR,HR Executive,BBA,6,64845,1,Yes,86,No,Single,Delhi,2017
EMP0587,Priya Patel,Male,54,R&D,Data Analyst,MCA,20,135457,4,No,76,Yes,Married,Lucknow,2012
EMP0588,Karan Joshi,Male,58,Operations,Team Lead,MBA,17,105652,4,Yes,89,Yes,Single,Jaipur,2019
EMP0589,Priya Sharma,Female,48,Finance,Accountant,B.Com,17,107721,1,Yes,82,Yes,Married,Mumbai,2018
EMP0590,Amit Yadav,Female,35,Finance,Accountant,M.Com,2,32915,3,No,77,No,Married,Bengaluru,2020
EMP0591,Neha Yadav,Male,47,Finance,Accountant,BBA,14,95839,2,Yes,86,Yes,Single,Chandigarh,2022
EMP0592,Amit Sharma,Female,50,HR,HR Executive,M.Com,0,31107,5,Yes,75,No,Single,Bengaluru,2010
EMP0593,Rohit Joshi,Male,41,Customer Support,Support Executive,MCA,15,96591,3,No,94,Yes,Married,Lucknow,2021
EMP0594,Vikas Yadav,Female,21,Operations,Team Lead,B.Com,2,30331,5,Yes,89,Yes,Married,Bengaluru,2017
EMP0595,Pooja Verma,Male,55,Customer Support,Support Executive,MBA,15,108521,1,Yes,89,No,Married,Lucknow,2020
EMP0596,Arjun Joshi,Female,26,Marketing,Marketing Executive,B.Tech,4,48867,1,No,87,Yes,Married,Chandigarh,2014
EMP0597,Anjali Kumar,Male,37,Marketing,Marketing Executive,B.Com,1,37779,2,No,86,No,Single,Chandigarh,2011
EMP0598,Pooja Joshi,Male,30,Sales,Sales Executive,B.Tech,9,65386,1,No,93,Yes,Single,Pune,2016
EMP0599,Arjun Kaur,Male,53,Finance,Accountant,B.Tech,16,103600,2,Yes,88,No,Single,Chandigarh,2024
EMP0600,Sneha Kaur,Female,53,Sales,Sales Executive,B.Tech,10,72277,2,No,100,Yes,Married,Chandigarh,2012
EMP0601,Priya Kaur,Male,27,Finance,Accountant,M.Com,5,47333,5,Yes,77,No,Married,Hyderabad,2020
EMP0602,Neha Gupta,Female,23,Customer Support,Support Executive,BBA,11,89462,2,No,86,Yes,Single,Hyderabad,2016
EMP0603,Priya Kumar,Female,52,Operations,Team Lead,BBA,18,122673,3,No,86,No,Single,Pune,2010
EMP0604,Anjali Yadav,Male,29,Sales,Sales Executive,MBA,14,95786,1,Yes,78,No,Married,Bengaluru,2011
EMP0605,Rahul Joshi,Male,33,IT,Software Engineer,M.Com,4,52634,5,Yes,79,Yes,Single,Mumbai,2011
EMP0606,Arjun Mehta,Male,39,R&D,Data Analyst,BBA,17,120283,2,No,77,Yes,Single,Mumbai,2025
EMP0607,Priya Verma,Male,41,Operations,Team Lead,BBA,0,24947,2,Yes,89,No,Married,Jaipur,2023
EMP0608,Pooja Kumar,Female,52,Marketing,Marketing Executive,BBA,18,113061,4,No,98,Yes,Single,Chandigarh,2021
EMP0609,Rahul Kaur,Male,27,Marketing,Marketing Executive,MBA,7,63713,4,Yes,75,Yes,Single,Lucknow,2016
EMP0610,Neha Yadav,Male,50,Marketing,Marketing Executive,MCA,8,73326,3,Yes,84,No,Single,Jaipur,2013
EMP0611,Sneha Gupta,Female,26,Sales,Sales Executive,B.Com,16,109187,2,Yes,82,Yes,Single,Jaipur,2018
EMP0612,Simran Sharma,Male,29,Finance,Accountant,M.Com,16,109296,1,Yes,97,No,Single,Mumbai,2014
EMP0613,Karan Kaur,Female,34,Operations,Team Lead,MCA,17,108596,1,Yes,100,No,Married,Pune,2023
EMP0614,Pooja Joshi,Female,31,HR,HR Executive,M.Com,0,29723,4,Yes,88,No,Married,Hyderabad,2022
EMP0615,Pooja Mehta,Male,54,R&D,Data Analyst,B.Com,0,33860,5,Yes,86,Yes,Married,Chandigarh,2023
EMP0616,Pooja Kaur,Female,46,Operations,Team Lead,M.Com,5,48190,5,No,96,No,Single,Delhi,2025
EMP0617,Rohit Kaur,Male,40,Marketing,Marketing Executive,M.Com,6,51336,2,No,96,No,Married,Bengaluru,2017
EMP0618,Vikas Singh,Male,56,Finance,Accountant,M.Com,0,28224,2,No,82,Yes,Married,Hyderabad,2020
EMP0619,Simran Verma,Male,46,R&D,Data Analyst,MCA,8,70027,1,No,89,No,Married,Bengaluru,2011
EMP0620,Simran Yadav,Male,30,Finance,Accountant,B.Tech,9,65888,1,No,86,Yes,Single,Mumbai,2021
EMP0621,Arjun Yadav,Male,26,Sales,Sales Executive,BBA,3,38928,5,Yes,97,No,Married,Jaipur,2020
EMP0622,Rahul Joshi,Female,29,Finance,Accountant,MBA,19,120832,3,No,76,Yes,Married,Lucknow,2024
EMP0623,Anjali Gupta,Male,31,Marketing,Marketing Executive,B.Tech,0,28000,4,No,81,Yes,Single,Mumbai,2018
EMP0624,Rohit Verma,Male,39,Finance,Accountant,M.Com,20,123413,2,No,97,Yes,Married,Bengaluru,2015
EMP0625,Sneha Patel,Male,27,Operations,Team Lead,BBA,4,50777,5,No,80,Yes,Single,Chandigarh,2020
EMP0626,Rahul Gupta,Male,52,IT,Software Engineer,BBA,14,106775,5,No,87,No,Married,Chandigarh,2012
EMP0627,Amit Mehta,Male,44,Operations,Team Lead,M.Com,2,40662,4,No,79,No,Single,Hyderabad,2012
EMP0628,Karan Gupta,Male,25,Marketing,Marketing Executive,MCA,9,78153,5,No,87,No,Married,Mumbai,2015
EMP0629,Vikas Singh,Female,29,R&D,Data Analyst,MBA,15,106282,3,Yes,89,Yes,Single,Lucknow,2014
EMP0630,Arjun Kaur,Male,30,Customer Support,Support Executive,M.Com,10,81994,5,Yes,85,No,Married,Delhi,2023
EMP0631,Rahul Patel,Male,54,Sales,Sales Executive,BBA,0,27048,3,No,86,No,Single,Mumbai,2020
EMP0632,Priya Patel,Female,59,Marketing,Marketing Executive,M.Com,17,110661,2,Yes,82,Yes,Married,Jaipur,2025
EMP0633,Vikas Mehta,Female,46,R&D,Data Analyst,B.Com,6,61564,2,No,86,No,Married,Pune,2019
EMP0634,Rahul Kaur,Female,42,Finance,Accountant,BBA,7,59558,4,Yes,83,No,Married,Jaipur,2011
EMP0635,Priya Singh,Male,38,Operations,Team Lead,BBA,7,59592,2,No,75,Yes,Married,Mumbai,2020
EMP0636,Anjali Kaur,Female,23,Customer Support,Support Executive,B.Com,4,51832,4,No,91,Yes,Single,Pune,2025
EMP0637,Anjali Kaur,Female,34,Sales,Sales Executive,B.Tech,4,56222,4,Yes,83,No,Single,Mumbai,2015
EMP0638,Amit Kumar,Female,47,IT,Software Engineer,M.Com,9,78139,3,Yes,98,Yes,Single,Delhi,2021
EMP0639,Vikas Verma,Male,21,Finance,Accountant,B.Tech,1,36569,5,Yes,97,Yes,Married,Delhi,2017
EMP0640,Priya Yadav,Male,34,Operations,Team Lead,MBA,19,119684,5,Yes,100,No,Single,Bengaluru,2010
EMP0641,Sneha Sharma,Female,32,Finance,Accountant,MCA,0,33509,1,No,85,Yes,Single,Pune,2015
EMP0642,Simran Mehta,Male,34,HR,HR Executive,B.Tech,8,67535,4,Yes,80,No,Single,Mumbai,2010
EMP0643,Rohit Sharma,Female,36,Customer Support,Support Executive,MCA,20,121900,2,Yes,93,Yes,Single,Chandigarh,2025
EMP0644,Neha Verma,Female,46,HR,HR Executive,MBA,12,96711,4,No,86,Yes,Married,Lucknow,2019
EMP0645,Karan Kumar,Female,28,Sales,Sales Executive,BBA,6,65085,4,No,96,No,Single,Pune,2022
EMP0646,Vikas Yadav,Male,32,HR,HR Executive,M.Com,15,99749,4,No,89,Yes,Married,Pune,2021
EMP0647,Amit Verma,Female,25,R&D,Data Analyst,B.Com,12,92059,3,Yes,92,Yes,Married,Pune,2014
EMP0648,Amit Singh,Male,26,Operations,Team Lead,MCA,12,84133,1,No,88,Yes,Married,Mumbai,2024
EMP0649,Priya Yadav,Male,32,Finance,Accountant,B.Tech,19,119226,1,No,77,Yes,Married,Mumbai,2021
EMP0650,Anjali Singh,Male,32,R&D,Data Analyst,B.Tech,6,62898,1,Yes,96,Yes,Married,Mumbai,2019
EMP0651,Rahul Gupta,Female,53,HR,HR Executive,M.Com,9,79407,5,No,94,No,Single,Lucknow,2023
EMP0652,Sneha Verma,Male,58,Finance,Accountant,M.Com,6,51992,4,No,82,No,Single,Bengaluru,2013
EMP0653,Vikas Mehta,Male,46,Customer Support,Support Executive,B.Tech,20,134917,5,No,94,No,Single,Pune,2020
EMP0654,Priya Joshi,Female,32,Sales,Sales Executive,B.Com,2,43216,5,Yes,79,Yes,Single,Lucknow,2022
EMP0655,Rohit Mehta,Female,50,IT,Software Engineer,B.Com,19,117546,2,Yes,77,No,Single,Pune,2018
EMP0656,Neha Yadav,Male,46,Finance,Accountant,MBA,8,62170,2,No,77,No,Married,Pune,2019
EMP0657,Priya Patel,Male,47,Customer Support,Support Executive,M.Com,3,46699,1,Yes,80,No,Married,Pune,2012
EMP0658,Arjun Mehta,Female,42,IT,Software Engineer,BBA,3,49238,1,No,76,Yes,Single,Bengaluru,2018
EMP0659,Amit Joshi,Male,35,IT,Software Engineer,B.Tech,13,87722,2,No,84,Yes,Single,Delhi,2019
EMP0660,Rahul Mehta,Female,38,HR,HR Executive,B.Com,18,116652,3,Yes,77,No,Married,Delhi,2014
EMP0661,Sneha Kaur,Female,30,Marketing,Marketing Executive,MCA,16,106000,2,No,99,No,Single,Jaipur,2016
EMP0662,Neha Gupta,Male,47,Sales,Sales Executive,MBA,15,100555,5,Yes,86,No,Married,Lucknow,2016
EMP0663,Vikas Kumar,Male,30,Operations,Team Lead,B.Tech,5,60038,5,Yes,86,No,Single,Lucknow,2011
EMP0664,Rohit Joshi,Male,35,Finance,Accountant,B.Tech,15,108492,1,No,80,Yes,Single,Jaipur,2024
EMP0665,Anjali Joshi,Male,36,Operations,Team Lead,M.Com,20,120799,2,No,76,No,Married,Bengaluru,2020
EMP0666,Karan Yadav,Female,53,Finance,Accountant,M.Com,2,45257,5,No,75,Yes,Single,Hyderabad,2025
EMP0667,Pooja Joshi,Male,28,IT,Software Engineer,B.Com,1,35234,4,No,82,Yes,Married,Lucknow,2010
EMP0668,Simran Singh,Female,35,Marketing,Marketing Executive,MBA,6,62616,3,No,93,Yes,Single,Hyderabad,2016
EMP0669,Rahul Singh,Male,40,HR,HR Executive,B.Tech,11,77189,3,Yes,98,Yes,Single,Chandigarh,2012
EMP0670,Rohit Singh,Male,54,Finance,Accountant,M.Com,5,59903,1,Yes,89,Yes,Single,Jaipur,2014
EMP0671,Pooja Sharma,Male,60,Operations,Team Lead,MCA,18,125237,1,Yes,85,No,Married,Pune,2018
EMP0672,Arjun Joshi,Male,53,Marketing,Marketing Executive,B.Tech,4,43953,3,No,99,Yes,Single,Pune,2018
EMP0673,Arjun Joshi,Male,39,Sales,Sales Executive,MCA,6,53687,4,Yes,84,No,Single,Pune,2011
EMP0674,Arjun Singh,Female,53,Sales,Sales Executive,B.Com,13,94186,1,Yes,93,No,Married,Delhi,2014
EMP0675,Vikas Verma,Male,24,HR,HR Executive,MCA,11,77994,4,Yes,87,No,Single,Lucknow,2013
EMP0676,Arjun Kaur,Male,49,IT,Software Engineer,M.Com,5,45877,1,No,76,Yes,Married,Lucknow,2022
EMP0677,Amit Singh,Male,45,IT,Software Engineer,MCA,19,123332,2,Yes,85,No,Single,Hyderabad,2013
EMP0678,Karan Joshi,Male,29,HR,HR Executive,MCA,20,131514,5,Yes,91,Yes,Single,Lucknow,2019
EMP0679,Karan Gupta,Male,41,R&D,Data Analyst,M.Com,16,107881,3,Yes,97,No,Single,Pune,2023
EMP0680,Simran Gupta,Female,48,Marketing,Marketing Executive,B.Com,15,99555,1,Yes,80,Yes,Single,Chandigarh,2018
EMP0681,Vikas Verma,Female,35,R&D,Data Analyst,MBA,3,47463,5,No,75,Yes,Married,Hyderabad,2011
EMP0682,Rahul Verma,Male,41,IT,Software Engineer,MBA,5,52030,1,No,94,No,Single,Bengaluru,2014
EMP0683,Priya Verma,Male,44,R&D,Data Analyst,M.Com,2,34793,2,No,89,Yes,Single,Lucknow,2021
EMP0684,Vikas Kumar,Male,35,Operations,Team Lead,BBA,16,115329,4,Yes,96,No,Single,Bengaluru,2022
EMP0685,Rohit Sharma,Male,31,IT,Software Engineer,BBA,20,123653,4,No,93,Yes,Married,Jaipur,2019
EMP0686,Rahul Gupta,Female,50,Finance,Accountant,MCA,15,111217,1,No,99,No,Single,Hyderabad,2018
EMP0687,Rahul Kaur,Female,37,Sales,Sales Executive,BBA,9,66791,3,Yes,95,No,Married,Jaipur,2023
EMP0688,Amit Mehta,Female,30,HR,HR Executive,MCA,14,101243,1,No,95,No,Single,Delhi,2011
EMP0689,Anjali Yadav,Male,39,Sales,Sales Executive,B.Com,6,60055,2,No,97,Yes,Single,Lucknow,2023
EMP0690,Arjun Patel,Female,46,IT,Software Engineer,B.Com,18,118258,3,Yes,77,Yes,Single,Jaipur,2013
EMP0691,Amit Singh,Male,26,R&D,Data Analyst,BBA,14,92158,5,Yes,95,Yes,Married,Bengaluru,2025
EMP0692,Anjali Mehta,Male,28,R&D,Data Analyst,MCA,17,119187,1,No,90,Yes,Married,Lucknow,2025
EMP0693,Anjali Kumar,Female,42,IT,Software Engineer,MCA,8,65342,5,No,86,Yes,Married,Chandigarh,2023
EMP0694,Amit Joshi,Male,45,Sales,Sales Executive,MCA,19,121489,5,No,91,No,Single,Delhi,2025
EMP0695,Rahul Mehta,Female,21,IT,Software Engineer,B.Tech,10,74660,2,Yes,78,Yes,Married,Jaipur,2020
EMP0696,Sneha Joshi,Male,28,Marketing,Marketing Executive,M.Com,7,64652,1,No,79,Yes,Single,Delhi,2017
EMP0697,Neha Joshi,Male,28,Finance,Accountant,M.Com,12,84467,2,No,76,No,Married,Delhi,2015
EMP0698,Amit Sharma,Male,53,HR,HR Executive,B.Tech,5,55130,5,No,86,Yes,Single,Jaipur,2016
EMP0699,Rahul Sharma,Male,51,Finance,Accountant,MBA,20,133132,2,Yes,83,No,Married,Pune,2017
EMP0700,Neha Joshi,Male,30,Operations,Team Lead,MBA,4,51167,2,Yes,83,Yes,Single,Mumbai,2020
EMP0701,Simran Kaur,Female,52,Operations,Team Lead,B.Com,12,95449,5,Yes,78,No,Married,Pune,2018
EMP0702,Sneha Kumar,Male,49,IT,Software Engineer,M.Com,3,45906,2,No,95,No,Single,Bengaluru,2012
EMP0703,Anjali Kaur,Male,51,IT,Software Engineer,MBA,5,49950,3,No,91,Yes,Single,Delhi,2012
EMP0704,Arjun Joshi,Female,53,R&D,Data Analyst,B.Com,12,95965,1,No,83,No,Single,Jaipur,2016
EMP0705,Karan Kumar,Female,39,R&D,Data Analyst,MCA,1,30358,5,No,98,No,Single,Delhi,2010
EMP0706,Rahul Patel,Female,46,Operations,Team Lead,MCA,16,101868,1,No,83,No,Single,Pune,2024
EMP0707,Simran Sharma,Male,53,Finance,Accountant,BBA,7,55188,4,Yes,88,No,Single,Jaipur,2017
EMP0708,Karan Verma,Female,25,Finance,Accountant,MCA,9,66301,1,Yes,93,Yes,Married,Delhi,2013
EMP0709,Pooja Joshi,Male,50,Marketing,Marketing Executive,B.Com,8,60086,5,Yes,85,Yes,Single,Hyderabad,2015
EMP0710,Karan Patel,Female,50,Finance,Accountant,MCA,15,101309,4,Yes,92,Yes,Married,Chandigarh,2018
EMP0711,Anjali Joshi,Female,27,Marketing,Marketing Executive,B.Tech,15,101072,3,No,100,Yes,Married,Delhi,2013
EMP0712,Amit Gupta,Female,44,Finance,Accountant,MCA,0,31671,4,Yes,96,No,Single,Bengaluru,2018
EMP0713,Priya Sharma,Male,48,HR,HR Executive,B.Com,2,32804,5,No,100,No,Single,Delhi,2023
EMP0714,Pooja Patel,Male,35,HR,HR Executive,BBA,6,66654,5,No,77,No,Single,Hyderabad,2013
EMP0715,Rahul Patel,Male,47,Marketing,Marketing Executive,B.Tech,7,59148,5,Yes,100,Yes,Married,Bengaluru,2015
EMP0716,Simran Gupta,Female,49,Customer Support,Support Executive,MBA,20,125939,2,Yes,95,No,Single,Delhi,2024
EMP0717,Anjali Verma,Male,31,HR,HR Executive,BBA,5,52262,4,No,81,Yes,Single,Hyderabad,2021
EMP0718,Priya Gupta,Male,27,Operations,Team Lead,B.Tech,0,25305,4,No,78,Yes,Married,Bengaluru,2019
EMP0719,Neha Joshi,Female,28,R&D,Data Analyst,M.Com,2,31758,2,No,84,Yes,Single,Jaipur,2024
EMP0720,Sneha Patel,Male,48,Operations,Team Lead,B.Com,19,125464,5,Yes,95,No,Single,Hyderabad,2016
EMP0721,Arjun Singh,Female,35,IT,Software Engineer,BBA,7,63429,2,No,97,Yes,Married,Jaipur,2012
EMP0722,Anjali Singh,Male,60,Finance,Accountant,MBA,13,98435,1,Yes,100,No,Single,Bengaluru,2020
EMP0723,Rahul Patel,Male,49,Marketing,Marketing Executive,MBA,7,68810,4,Yes,75,Yes,Married,Delhi,2018
EMP0724,Vikas Verma,Male,37,R&D,Data Analyst,BBA,17,119150,1,No,96,No,Single,Lucknow,2024
EMP0725,Priya Singh,Male,31,IT,Software Engineer,BBA,14,100053,2,No,88,Yes,Single,Jaipur,2014
EMP0726,Anjali Kaur,Male,50,Customer Support,Support Executive,M.Com,19,124021,2,No,99,No,Single,Delhi,2013
EMP0727,Anjali Mehta,Female,22,HR,HR Executive,BBA,0,33022,2,No,76,No,Single,Lucknow,2015
EMP0728,Sneha Kumar,Male,31,Sales,Sales Executive,MCA,10,73857,2,Yes,93,Yes,Single,Chandigarh,2019
EMP0729,Pooja Yadav,Male,60,Operations,Team Lead,MBA,14,105123,2,Yes,94,No,Married,Hyderabad,2012
EMP0730,Sneha Verma,Female,24,Finance,Accountant,MBA,20,129364,4,No,95,Yes,Single,Jaipur,2012
EMP0731,Simran Joshi,Male,37,Customer Support,Support Executive,B.Tech,9,67046,5,Yes,88,Yes,Married,Mumbai,2011
EMP0732,Neha Mehta,Female,51,Sales,Sales Executive,B.Tech,15,101971,4,Yes,83,No,Married,Mumbai,2017
EMP0733,Rohit Joshi,Male,32,Marketing,Marketing Executive,BBA,19,122429,1,No,89,Yes,Married,Bengaluru,2017
EMP0734,Pooja Mehta,Male,22,IT,Software Engineer,MCA,10,81621,3,Yes,78,Yes,Married,Pune,2011
EMP0735,Anjali Kumar,Female,50,Customer Support,Support Executive,BBA,0,31919,5,No,85,No,Married,Chandigarh,2011
EMP0736,Neha Verma,Male,54,R&D,Data Analyst,BBA,14,95488,2,Yes,87,Yes,Single,Chandigarh,2013
EMP0737,Arjun Kumar,Female,48,Customer Support,Support Executive,BBA,5,49429,4,Yes,77,No,Single,Bengaluru,2013
EMP0738,Amit Patel,Female,50,R&D,Data Analyst,MBA,20,133439,1,Yes,78,Yes,Single,Jaipur,2013
EMP0739,Priya Patel,Male,45,Sales,Sales Executive,B.Com,9,79911,3,No,89,Yes,Single,Pune,2017
EMP0740,Anjali Patel,Female,54,R&D,Data Analyst,MCA,3,41685,3,No,91,Yes,Married,Jaipur,2016
EMP0741,Anjali Kumar,Male,57,Customer Support,Support Executive,MBA,9,80964,2,Yes,79,No,Single,Bengaluru,2021
EMP0742,Rohit Mehta,Male,51,Operations,Team Lead,B.Tech,1,33179,2,Yes,79,Yes,Single,Pune,2014
EMP0743,Sneha Singh,Male,43,R&D,Data Analyst,MCA,5,48888,3,Yes,75,Yes,Married,Chandigarh,2022
EMP0744,Priya Kumar,Female,21,R&D,Data Analyst,MBA,8,72430,3,No,78,Yes,Married,Pune,2021
EMP0745,Karan Kumar,Female,48,IT,Software Engineer,B.Com,3,44180,1,No,75,Yes,Single,Bengaluru,2023
EMP0746,Rohit Joshi,Female,40,HR,HR Executive,BBA,16,103137,3,No,93,No,Single,Jaipur,2018
EMP0747,Pooja Joshi,Male,26,Marketing,Marketing Executive,B.Com,6,65188,4,Yes,98,Yes,Single,Mumbai,2019
EMP0748,Priya Sharma,Female,57,Marketing,Marketing Executive,MBA,13,98831,2,No,98,Yes,Single,Delhi,2025
EMP0749,Anjali Kaur,Male,49,Marketing,Marketing Executive,MCA,18,123394,2,No,89,No,Married,Pune,2018
EMP0750,Simran Yadav,Male,59,Finance,Accountant,B.Tech,11,87466,3,No,86,No,Single,Delhi,2022
EMP0751,Rahul Joshi,Female,41,Operations,Team Lead,B.Com,20,122075,5,No,94,No,Married,Jaipur,2021
EMP0752,Pooja Kumar,Female,35,IT,Software Engineer,MBA,7,58457,3,Yes,85,No,Single,Mumbai,2013
EMP0753,Arjun Singh,Male,54,Finance,Accountant,B.Com,15,97804,1,Yes,87,No,Married,Delhi,2013
EMP0754,Arjun Sharma,Male,38,Operations,Team Lead,B.Com,13,99353,3,Yes,79,Yes,Single,Chandigarh,2015
EMP0755,Sneha Kumar,Male,21,Sales,Sales Executive,BBA,15,103255,3,No,75,Yes,Married,Bengaluru,2022
EMP0756,Rohit Joshi,Male,31,HR,HR Executive,BBA,20,120031,3,Yes,88,Yes,Married,Lucknow,2014
EMP0757,Anjali Mehta,Male,48,IT,Software Engineer,B.Tech,0,36226,5,Yes,97,Yes,Single,Delhi,2014
EMP0758,Arjun Mehta,Female,41,Operations,Team Lead,BBA,4,49966,5,Yes,94,Yes,Married,Pune,2022
EMP0759,Arjun Patel,Female,44,IT,Software Engineer,BBA,5,46396,3,Yes,80,No,Married,Mumbai,2015
EMP0760,Vikas Sharma,Female,48,Marketing,Marketing Executive,MBA,20,133141,5,Yes,86,No,Single,Lucknow,2017
EMP0761,Rahul Mehta,Female,25,R&D,Data Analyst,B.Tech,16,101820,3,Yes,75,No,Married,Jaipur,2012
EMP0762,Sneha Verma,Male,44,Finance,Accountant,BBA,20,124742,4,Yes,95,Yes,Single,Pune,2019
EMP0763,Amit Gupta,Male,54,Marketing,Marketing Executive,MBA,10,78223,5,No,76,No,Single,Delhi,2015
EMP0764,Anjali Joshi,Male,56,HR,HR Executive,B.Tech,5,51865,3,No,87,No,Single,Hyderabad,2022
EMP0765,Rohit Patel,Male,38,Finance,Accountant,B.Com,1,30094,1,Yes,90,Yes,Single,Lucknow,2015
EMP0766,Simran Yadav,Female,38,HR,HR Executive,MBA,9,75907,1,No,96,No,Single,Mumbai,2017
EMP0767,Rahul Kumar,Male,51,Finance,Accountant,BBA,19,122797,2,Yes,78,Yes,Single,Jaipur,2010
EMP0768,Amit Kumar,Female,37,Marketing,Marketing Executive,M.Com,16,104367,4,No,82,Yes,Married,Hyderabad,2016
EMP0769,Priya Joshi,Male,60,Customer Support,Support Executive,BBA,16,104965,4,No,77,No,Single,Mumbai,2019
EMP0770,Simran Joshi,Female,24,Sales,Sales Executive,M.Com,3,41586,4,No,77,No,Married,Delhi,2013
EMP0771,Sneha Gupta,Male,42,HR,HR Executive,BBA,3,40540,2,No,100,Yes,Single,Lucknow,2018
EMP0772,Simran Kaur,Male,55,IT,Software Engineer,BBA,2,34520,4,Yes,86,Yes,Single,Chandigarh,2020
EMP0773,Rohit Mehta,Male,54,Marketing,Marketing Executive,M.Com,7,63768,1,Yes,89,No,Single,Hyderabad,2014
EMP0774,Rahul Gupta,Male,26,IT,Software Engineer,M.Com,2,42040,3,No,87,Yes,Single,Hyderabad,2018
EMP0775,Sneha Gupta,Male,29,HR,HR Executive,MBA,10,75519,3,Yes,98,Yes,Married,Pune,2021
EMP0776,Pooja Mehta,Female,51,Finance,Accountant,B.Tech,6,64699,3,No,99,No,Married,Bengaluru,2013
EMP0777,Rahul Patel,Female,53,Marketing,Marketing Executive,B.Com,20,124223,3,No,78,Yes,Single,Chandigarh,2015
EMP0778,Simran Sharma,Female,35,IT,Software Engineer,B.Com,14,92970,1,No,82,Yes,Married,Bengaluru,2017
EMP0779,Arjun Kumar,Female,28,Finance,Accountant,MCA,14,105441,5,No,100,No,Single,Pune,2011
EMP0780,Neha Mehta,Female,42,IT,Software Engineer,BBA,10,80188,3,Yes,75,No,Married,Jaipur,2021
EMP0781,Priya Gupta,Male,51,IT,Software Engineer,MBA,3,35234,3,No,98,Yes,Married,Bengaluru,2014
EMP0782,Arjun Patel,Female,40,Sales,Sales Executive,M.Com,8,74586,3,No,91,No,Married,Bengaluru,2025
EMP0783,Amit Mehta,Female,36,Operations,Team Lead,B.Tech,17,111913,2,No,95,Yes,Single,Bengaluru,2014
EMP0784,Anjali Yadav,Female,38,Sales,Sales Executive,B.Com,6,62145,3,No,78,No,Married,Bengaluru,2016
EMP0785,Karan Verma,Male,41,Operations,Team Lead,B.Tech,7,67841,3,No,91,No,Married,Hyderabad,2011
EMP0786,Rahul Kaur,Female,43,Sales,Sales Executive,BBA,10,86643,3,Yes,77,Yes,Single,Jaipur,2023
EMP0787,Anjali Mehta,Male,38,R&D,Data Analyst,MCA,16,111613,5,Yes,94,Yes,Married,Jaipur,2022
EMP0788,Anjali Verma,Male,56,Operations,Team Lead,B.Com,2,45674,2,No,80,No,Married,Bengaluru,2019
EMP0789,Rahul Kumar,Female,24,Customer Support,Support Executive,MCA,12,91526,2,No,95,Yes,Married,Bengaluru,2020
EMP0790,Karan Patel,Male,35,R&D,Data Analyst,B.Tech,9,80623,2,No,88,Yes,Married,Delhi,2025
EMP0791,Simran Gupta,Female,28,Customer Support,Support Executive,MCA,0,24523,2,No,100,No,Married,Lucknow,2020
EMP0792,Rahul Singh,Male,29,Sales,Sales Executive,BBA,2,38381,1,Yes,100,No,Married,Delhi,2011
EMP0793,Rahul Sharma,Female,26,HR,HR Executive,MCA,0,34586,3,No,97,No,Single,Lucknow,2023
EMP0794,Pooja Patel,Female,47,Marketing,Marketing Executive,BBA,6,54712,3,No,89,Yes,Single,Mumbai,2017
EMP0795,Arjun Mehta,Female,24,Sales,Sales Executive,B.Tech,17,108158,5,No,94,Yes,Single,Mumbai,2016
EMP0796,Anjali Yadav,Male,58,R&D,Data Analyst,MBA,1,35493,2,No,95,Yes,Single,Jaipur,2023
EMP0797,Pooja Gupta,Female,32,Marketing,Marketing Executive,BBA,0,36747,5,No,100,Yes,Married,Mumbai,2023
EMP0798,Rahul Gupta,Male,21,Customer Support,Support Executive,M.Com,6,59022,4,Yes,77,Yes,Single,Hyderabad,2017
EMP0799,Pooja Verma,Male,23,Sales,Sales Executive,BBA,19,126733,5,No,81,Yes,Married,Chandigarh,2012
EMP0800,Anjali Kumar,Male,34,Finance,Accountant,B.Tech,8,70663,2,Yes,76,Yes,Married,Lucknow,2017
EMP0801,Rahul Gupta,Female,21,IT,Software Engineer,BBA,5,54552,4,No,93,No,Married,Hyderabad,2010
EMP0802,Simran Sharma,Male,36,IT,Software Engineer,B.Tech,5,57357,2,No,99,Yes,Single,Hyderabad,2025
EMP0803,Rohit Yadav,Male,59,Marketing,Marketing Executive,B.Com,1,36245,3,No,81,No,Married,Lucknow,2024
EMP0804,Pooja Patel,Female,55,IT,Software Engineer,BBA,20,130458,3,No,75,Yes,Single,Mumbai,2021
EMP0805,Priya Kumar,Male,55,Customer Support,Support Executive,M.Com,19,125257,3,No,75,No,Single,Bengaluru,2019
EMP0806,Rohit Kaur,Male,40,Finance,Accountant,MBA,3,40476,5,Yes,100,Yes,Married,Hyderabad,2018
EMP0807,Rohit Mehta,Female,54,HR,HR Executive,B.Com,1,28499,3,Yes,96,No,Single,Bengaluru,2016
EMP0808,Rohit Kumar,Male,33,IT,Software Engineer,BBA,2,32097,2,Yes,94,Yes,Married,Mumbai,2015
EMP0809,Rohit Gupta,Female,53,Finance,Accountant,MCA,18,124637,3,No,79,No,Married,Chandigarh,2018
EMP0810,Neha Yadav,Female,46,Finance,Accountant,MBA,0,34667,5,Yes,97,Yes,Single,Chandigarh,2022
EMP0811,Simran Kumar,Male,49,IT,Software Engineer,BBA,13,89028,3,No,98,No,Married,Hyderabad,2021
EMP0812,Anjali Joshi,Female,53,Marketing,Marketing Executive,B.Tech,18,124088,2,Yes,84,Yes,Single,Pune,2022
EMP0813,Simran Verma,Female,37,Marketing,Marketing Executive,MCA,16,105102,4,Yes,80,No,Single,Mumbai,2025
EMP0814,Neha Patel,Female,29,Sales,Sales Executive,MCA,0,24989,1,No,86,No,Single,Hyderabad,2014
EMP0815,Rohit Verma,Female,48,HR,HR Executive,MCA,1,28054,1,Yes,97,Yes,Married,Lucknow,2014
EMP0816,Vikas Kaur,Male,34,Operations,Team Lead,B.Com,6,66217,2,No,81,No,Single,Delhi,2021
EMP0817,Priya Kumar,Female,34,Finance,Accountant,B.Tech,15,103897,1,No,95,No,Single,Hyderabad,2023
EMP0818,Priya Joshi,Male,23,HR,HR Executive,MCA,16,111105,1,No,91,Yes,Single,Jaipur,2018
EMP0819,Vikas Yadav,Female,53,HR,HR Executive,B.Com,13,98679,3,Yes,85,No,Single,Mumbai,2023
EMP0820,Amit Kaur,Male,33,HR,HR Executive,BBA,3,39433,2,No,76,No,Married,Delhi,2022
EMP0821,Sneha Joshi,Male,58,Sales,Sales Executive,MCA,4,48016,1,No,75,No,Married,Jaipur,2010
EMP0822,Pooja Kumar,Female,29,Finance,Accountant,BBA,6,54571,4,No,99,Yes,Married,Pune,2022
EMP0823,Arjun Yadav,Male,42,Operations,Team Lead,B.Tech,4,46613,2,Yes,90,No,Single,Delhi,2016
EMP0824,Neha Kaur,Male,25,Sales,Sales Executive,B.Tech,11,85054,3,Yes,97,Yes,Single,Hyderabad,2013
EMP0825,Simran Mehta,Female,27,Finance,Accountant,M.Com,17,107450,1,Yes,97,Yes,Single,Hyderabad,2023
EMP0826,Rohit Kumar,Female,53,Sales,Sales Executive,BBA,19,131819,3,Yes,100,No,Married,Pune,2022
EMP0827,Vikas Kumar,Male,26,Finance,Accountant,BBA,14,96699,2,Yes,92,Yes,Married,Pune,2017
EMP0828,Neha Gupta,Male,30,Customer Support,Support Executive,B.Com,9,80444,1,Yes,76,Yes,Single,Chandigarh,2023
EMP0829,Arjun Kaur,Female,39,Sales,Sales Executive,BBA,12,85396,4,No,100,Yes,Married,Mumbai,2023
EMP0830,Amit Mehta,Female,54,Sales,Sales Executive,BBA,14,105130,1,No,83,Yes,Single,Jaipur,2019
EMP0831,Priya Mehta,Male,34,Operations,Team Lead,B.Tech,8,66439,1,Yes,76,No,Single,Hyderabad,2018
EMP0832,Simran Gupta,Male,43,Finance,Accountant,BBA,3,43164,3,Yes,79,No,Married,Pune,2010
EMP0833,Anjali Gupta,Female,37,Operations,Team Lead,BBA,0,23711,2,No,76,Yes,Married,Lucknow,2017
EMP0834,Simran Joshi,Female,58,Marketing,Marketing Executive,B.Tech,1,29993,4,No,98,No,Married,Pune,2017
EMP0835,Sneha Sharma,Female,58,Customer Support,Support Executive,M.Com,1,34231,4,Yes,76,Yes,Married,Hyderabad,2013
EMP0836,Vikas Gupta,Female,45,R&D,Data Analyst,MBA,2,42047,2,Yes,80,No,Single,Jaipur,2020
EMP0837,Anjali Kaur,Male,39,HR,HR Executive,MCA,2,35957,2,No,83,Yes,Married,Lucknow,2016
EMP0838,Neha Gupta,Female,51,R&D,Data Analyst,BBA,15,104687,4,No,89,No,Single,Pune,2019
EMP0839,Neha Mehta,Male,40,IT,Software Engineer,BBA,10,74145,3,No,88,Yes,Married,Hyderabad,2012
EMP0840,Anjali Mehta,Female,58,Operations,Team Lead,MCA,18,112204,1,Yes,85,Yes,Single,Mumbai,2024
EMP0841,Anjali Verma,Female,37,R&D,Data Analyst,B.Com,17,117892,5,Yes,94,No,Single,Delhi,2011
EMP0842,Vikas Joshi,Male,24,Finance,Accountant,BBA,18,121930,2,Yes,88,No,Married,Delhi,2021
EMP0843,Priya Patel,Male,22,Marketing,Marketing Executive,B.Com,8,64494,3,Yes,83,No,Married,Chandigarh,2010
EMP0844,Anjali Kaur,Female,29,Operations,Team Lead,B.Tech,18,125165,2,Yes,94,No,Married,Pune,2020
EMP0845,Karan Mehta,Female,58,R&D,Data Analyst,M.Com,14,106758,5,No,100,Yes,Married,Bengaluru,2017
EMP0846,Pooja Joshi,Male,22,Customer Support,Support Executive,B.Com,6,66695,3,No,90,No,Married,Chandigarh,2016
EMP0847,Rahul Mehta,Female,56,IT,Software Engineer,MCA,17,116027,5,No,82,Yes,Single,Bengaluru,2020
EMP0848,Priya Yadav,Male,35,Customer Support,Support Executive,MCA,2,34677,1,No,98,No,Single,Chandigarh,2022
EMP0849,Rahul Singh,Male,36,IT,Software Engineer,B.Com,17,118904,5,No,79,No,Married,Lucknow,2025
EMP0850,Vikas Mehta,Male,48,Marketing,Marketing Executive,B.Tech,19,124750,4,No,95,Yes,Married,Chandigarh,2017
EMP0851,Vikas Singh,Female,52,Marketing,Marketing Executive,M.Com,2,37265,5,No,94,Yes,Married,Jaipur,2016
EMP0852,Vikas Verma,Male,23,IT,Software Engineer,M.Com,14,96308,1,No,85,Yes,Single,Lucknow,2022
EMP0853,Karan Singh,Female,59,Operations,Team Lead,MBA,12,87130,3,No,100,No,Married,Jaipur,2022
EMP0854,Amit Mehta,Female,38,R&D,Data Analyst,B.Com,5,49704,4,Yes,99,Yes,Single,Mumbai,2022
EMP0855,Pooja Kaur,Female,37,Customer Support,Support Executive,B.Tech,1,32274,2,Yes,84,Yes,Married,Bengaluru,2014
EMP0856,Pooja Singh,Female,22,IT,Software Engineer,B.Com,7,55529,4,No,82,Yes,Single,Lucknow,2017
EMP0857,Karan Mehta,Male,26,Sales,Sales Executive,BBA,10,73286,2,No,84,Yes,Married,Chandigarh,2014
EMP0858,Arjun Yadav,Female,45,Operations,Team Lead,B.Com,20,134684,2,Yes,82,Yes,Married,Chandigarh,2025
EMP0859,Rahul Verma,Male,23,Customer Support,Support Executive,BBA,14,92028,4,No,79,Yes,Married,Jaipur,2014
EMP0860,Anjali Kumar,Female,56,Marketing,Marketing Executive,BBA,15,103915,3,No,95,No,Married,Pune,2014
EMP0861,Arjun Kaur,Female,23,IT,Software Engineer,MBA,5,57983,1,No,81,Yes,Single,Jaipur,2023
EMP0862,Priya Joshi,Female,53,Sales,Sales Executive,BBA,20,125029,5,No,83,No,Single,Hyderabad,2011
EMP0863,Vikas Verma,Female,58,IT,Software Engineer,BBA,19,120217,5,No,83,Yes,Married,Pune,2010
EMP0864,Rahul Joshi,Male,56,Marketing,Marketing Executive,BBA,10,86665,3,No,82,Yes,Single,Bengaluru,2020
EMP0865,Rahul Kumar,Male,34,IT,Software Engineer,B.Tech,3,44589,1,No,93,Yes,Married,Jaipur,2024
EMP0866,Pooja Singh,Female,41,HR,HR Executive,B.Tech,15,96782,1,No,100,Yes,Single,Mumbai,2015
EMP0867,Arjun Verma,Female,30,Sales,Sales Executive,B.Com,11,85470,2,Yes,89,No,Married,Jaipur,2017
EMP0868,Simran Gupta,Male,35,R&D,Data Analyst,B.Tech,15,107219,2,Yes,84,No,Married,Jaipur,2024
EMP0869,Amit Verma,Male,46,Sales,Sales Executive,B.Com,5,57269,1,No,78,Yes,Married,Bengaluru,2018
EMP0870,Sneha Sharma,Male,30,Operations,Team Lead,B.Com,7,61144,3,Yes,93,Yes,Married,Delhi,2014
EMP0871,Sneha Sharma,Male,33,Finance,Accountant,MBA,10,77733,3,Yes,78,Yes,Married,Lucknow,2022
EMP0872,Karan Kaur,Female,58,Marketing,Marketing Executive,MBA,6,65578,2,No,79,No,Married,Lucknow,2022
EMP0873,Vikas Verma,Male,26,HR,HR Executive,MCA,4,46635,4,No,79,Yes,Single,Delhi,2019
EMP0874,Amit Patel,Female,41,Marketing,Marketing Executive,M.Com,1,39584,1,No,100,Yes,Married,Lucknow,2018
EMP0875,Anjali Kumar,Female,38,Operations,Team Lead,BBA,10,82389,5,No,76,No,Single,Hyderabad,2023
EMP0876,Simran Kumar,Female,38,HR,HR Executive,BBA,2,44667,2,Yes,94,No,Single,Jaipur,2011
EMP0877,Simran Sharma,Female,55,Customer Support,Support Executive,B.Com,14,95376,3,Yes,93,Yes,Single,Hyderabad,2020
EMP0878,Rahul Kumar,Male,44,IT,Software Engineer,MCA,3,50790,1,Yes,94,Yes,Single,Delhi,2020
EMP0879,Rahul Yadav,Female,37,Customer Support,Support Executive,MCA,16,101492,4,Yes,98,Yes,Married,Pune,2021
EMP0880,Priya Kaur,Female,54,IT,Software Engineer,MBA,1,29889,1,No,84,No,Married,Hyderabad,2014
EMP0881,Rohit Singh,Male,38,R&D,Data Analyst,MBA,17,120821,4,No,91,No,Single,Chandigarh,2010
EMP0882,Pooja Patel,Male,34,Marketing,Marketing Executive,B.Tech,9,70590,2,Yes,86,No,Married,Pune,2010
EMP0883,Karan Mehta,Female,36,Marketing,Marketing Executive,MBA,0,32824,1,Yes,89,No,Single,Hyderabad,2020
EMP0884,Rahul Mehta,Female,21,R&D,Data Analyst,MBA,7,56525,4,No,94,No,Single,Bengaluru,2014
EMP0885,Simran Joshi,Female,56,IT,Software Engineer,MBA,19,119076,4,Yes,89,No,Single,Hyderabad,2023
EMP0886,Sneha Yadav,Male,32,Customer Support,Support Executive,B.Com,4,49746,4,No,92,No,Married,Lucknow,2012
EMP0887,Arjun Kaur,Male,35,IT,Software Engineer,MBA,12,96508,5,No,97,Yes,Married,Pune,2012
EMP0888,Arjun Kaur,Female,45,R&D,Data Analyst,B.Com,20,136523,3,No,90,Yes,Single,Lucknow,2011
EMP0889,Sneha Verma,Male,23,Sales,Sales Executive,B.Tech,5,55580,4,No,86,No,Married,Mumbai,2016
EMP0890,Karan Kumar,Male,27,R&D,Data Analyst,MBA,13,89913,2,No,83,Yes,Married,Mumbai,2020
EMP0891,Pooja Patel,Female,48,Finance,Accountant,MBA,8,76786,5,Yes,76,Yes,Single,Mumbai,2024
EMP0892,Priya Gupta,Female,26,HR,HR Executive,MCA,7,67114,5,Yes,92,No,Married,Jaipur,2017
EMP0893,Pooja Joshi,Female,57,IT,Software Engineer,MCA,1,35277,5,Yes,97,No,Single,Delhi,2017
EMP0894,Karan Yadav,Female,59,Operations,Team Lead,MCA,9,76434,1,No,89,No,Single,Chandigarh,2020
EMP0895,Vikas Patel,Male,57,Finance,Accountant,B.Com,14,100756,1,No,96,Yes,Single,Bengaluru,2010
EMP0896,Anjali Kaur,Male,28,R&D,Data Analyst,MCA,19,127458,1,Yes,79,No,Single,Hyderabad,2020
EMP0897,Anjali Sharma,Female,43,R&D,Data Analyst,B.Com,14,106440,5,Yes,92,No,Married,Delhi,2020
EMP0898,Sneha Gupta,Female,22,Finance,Accountant,BBA,10,83593,2,No,95,No,Married,Pune,2017
EMP0899,Pooja Kaur,Female,41,Operations,Team Lead,B.Tech,17,105842,5,Yes,79,Yes,Single,Mumbai,2014
EMP0900,Simran Patel,Male,25,IT,Software Engineer,B.Tech,5,52968,1,Yes,87,No,Married,Hyderabad,2015
EMP0901,Anjali Mehta,Female,29,Operations,Team Lead,B.Tech,6,54234,1,Yes,76,Yes,Single,Chandigarh,2015
EMP0902,Vikas Sharma,Female,47,Marketing,Marketing Executive,M.Com,14,102525,4,Yes,87,No,Single,Jaipur,2022
EMP0903,Amit Kumar,Male,34,Customer Support,Support Executive,B.Com,16,116785,2,Yes,81,No,Single,Jaipur,2021
EMP0904,Neha Kaur,Female,58,Customer Support,Support Executive,BBA,18,121073,5,Yes,97,No,Single,Bengaluru,2013
EMP0905,Vikas Patel,Male,42,HR,HR Executive,M.Com,8,74500,5,No,84,No,Single,Lucknow,2020
EMP0906,Arjun Mehta,Male,57,Customer Support,Support Executive,BBA,7,62399,4,Yes,90,Yes,Married,Chandigarh,2018
EMP0907,Rohit Singh,Female,31,R&D,Data Analyst,MBA,18,122493,4,No,76,No,Single,Delhi,2011
EMP0908,Rohit Mehta,Male,60,Operations,Team Lead,MCA,0,20482,3,Yes,96,No,Single,Delhi,2011
EMP0909,Neha Gupta,Male,53,IT,Software Engineer,B.Tech,13,96081,1,Yes,89,No,Married,Chandigarh,2010
EMP0910,Arjun Kaur,Female,57,Operations,Team Lead,MCA,7,62480,4,Yes,90,Yes,Single,Pune,2011
EMP0911,Priya Gupta,Female,25,Marketing,Marketing Executive,M.Com,15,109609,1,Yes,80,Yes,Single,Mumbai,2010
EMP0912,Karan Verma,Male,30,HR,HR Executive,MCA,18,126023,4,No,93,Yes,Single,Pune,2010
EMP0913,Neha Kaur,Female,42,Finance,Accountant,B.Com,14,94624,2,Yes,88,No,Single,Lucknow,2012
EMP0914,Vikas Sharma,Female,31,IT,Software Engineer,MCA,20,130199,4,No,93,Yes,Single,Chandigarh,2018
EMP0915,Karan Verma,Male,34,IT,Software Engineer,BBA,15,107576,5,Yes,76,Yes,Single,Pune,2017
EMP0916,Priya Patel,Female,22,Finance,Accountant,MBA,14,99460,3,No,90,No,Single,Hyderabad,2016
EMP0917,Karan Singh,Female,30,HR,HR Executive,M.Com,4,47755,1,No,94,Yes,Married,Jaipur,2021
EMP0918,Simran Kumar,Female,56,HR,HR Executive,B.Tech,0,29901,4,Yes,97,Yes,Married,Pune,2014
EMP0919,Neha Sharma,Male,59,Marketing,Marketing Executive,BBA,3,41583,5,No,85,No,Married,Bengaluru,2014
EMP0920,Rahul Mehta,Female,35,HR,HR Executive,MBA,3,36888,3,Yes,87,Yes,Single,Bengaluru,2017
EMP0921,Anjali Singh,Male,29,Sales,Sales Executive,B.Tech,5,55851,5,Yes,98,No,Married,Delhi,2019
EMP0922,Priya Yadav,Male,58,HR,HR Executive,M.Com,11,80137,4,No,78,No,Single,Lucknow,2021
EMP0923,Amit Kumar,Female,60,Marketing,Marketing Executive,B.Com,3,44245,2,Yes,100,No,Single,Bengaluru,2019
EMP0924,Priya Joshi,Male,32,Sales,Sales Executive,MBA,13,93481,1,Yes,77,Yes,Single,Jaipur,2010
EMP0925,Arjun Singh,Female,53,Marketing,Marketing Executive,BBA,0,26386,2,No,80,No,Single,Mumbai,2011
EMP0926,Amit Mehta,Female,36,Sales,Sales Executive,MCA,18,121905,5,Yes,76,Yes,Married,Bengaluru,2025
EMP0927,Anjali Sharma,Male,31,Finance,Accountant,B.Com,18,120760,3,Yes,80,Yes,Married,Mumbai,2021
EMP0928,Pooja Sharma,Male,60,Customer Support,Support Executive,B.Com,2,31342,3,Yes,89,No,Married,Hyderabad,2022
EMP0929,Rohit Yadav,Male,26,R&D,Data Analyst,B.Com,8,71551,5,Yes,89,Yes,Married,Bengaluru,2018
EMP0930,Simran Sharma,Male,60,Sales,Sales Executive,B.Com,14,97508,4,No,93,Yes,Single,Delhi,2018
EMP0931,Arjun Joshi,Female,42,Sales,Sales Executive,BBA,6,62723,3,No,83,No,Married,Mumbai,2012
EMP0932,Karan Joshi,Male,24,Sales,Sales Executive,MBA,8,75822,2,Yes,85,Yes,Single,Bengaluru,2022
EMP0933,Vikas Kaur,Female,51,Finance,Accountant,BBA,18,112714,5,No,93,No,Married,Jaipur,2019
EMP0934,Neha Kumar,Male,47,Operations,Team Lead,M.Com,10,75933,1,Yes,92,No,Married,Jaipur,2018
EMP0935,Rahul Singh,Male,39,Customer Support,Support Executive,MBA,16,101519,1,No,99,No,Single,Hyderabad,2021
EMP0936,Pooja Verma,Female,32,Operations,Team Lead,BBA,4,51827,2,No,80,No,Single,Mumbai,2013
EMP0937,Rohit Mehta,Female,44,Marketing,Marketing Executive,MBA,7,69199,3,Yes,75,Yes,Single,Pune,2017
EMP0938,Pooja Singh,Female,38,Finance,Accountant,MCA,15,97017,2,Yes,82,No,Single,Chandigarh,2015
EMP0939,Amit Joshi,Male,21,R&D,Data Analyst,MBA,14,94129,3,Yes,93,Yes,Single,Lucknow,2012
EMP0940,Rahul Sharma,Female,29,Sales,Sales Executive,MCA,6,63254,2,Yes,80,Yes,Married,Hyderabad,2012
EMP0941,Arjun Sharma,Male,24,Customer Support,Support Executive,B.Tech,0,34748,2,Yes,84,Yes,Married,Mumbai,2014
EMP0942,Neha Yadav,Male,37,Sales,Sales Executive,M.Com,2,44948,5,Yes,98,No,Married,Delhi,2016
EMP0943,Karan Sharma,Female,30,Finance,Accountant,B.Tech,20,128805,1,No,90,Yes,Single,Lucknow,2020
EMP0944,Pooja Kaur,Male,34,Marketing,Marketing Executive,MCA,16,106024,2,No,96,Yes,Married,Delhi,2024
EMP0945,Karan Kumar,Male,52,HR,HR Executive,MCA,18,124994,5,Yes,92,Yes,Single,Pune,2018
EMP0946,Pooja Joshi,Male,39,HR,HR Executive,MBA,15,96059,1,No,85,Yes,Single,Chandigarh,2020
EMP0947,Vikas Gupta,Male,42,IT,Software Engineer,M.Com,20,128833,4,Yes,95,No,Single,Lucknow,2019
EMP0948,Neha Verma,Male,48,HR,HR Executive,B.Com,0,30600,3,No,100,No,Married,Jaipur,2012
EMP0949,Amit Kumar,Male,42,R&D,Data Analyst,B.Tech,3,37821,4,Yes,83,Yes,Married,Mumbai,2022
EMP0950,Neha Singh,Male,47,R&D,Data Analyst,B.Com,15,95796,3,No,92,Yes,Single,Lucknow,2023
EMP0951,Arjun Kaur,Male,26,Operations,Team Lead,M.Com,20,128458,4,Yes,99,No,Married,Hyderabad,2014
EMP0952,Anjali Verma,Male,56,HR,HR Executive,BBA,16,107724,2,Yes,77,No,Married,Lucknow,2017
EMP0953,Rahul Yadav,Female,36,R&D,Data Analyst,B.Com,7,59883,5,No,81,Yes,Single,Hyderabad,2025
EMP0954,Rahul Verma,Female,44,Marketing,Marketing Executive,BBA,14,106686,4,No,96,Yes,Married,Bengaluru,2021
EMP0955,Rohit Singh,Male,53,IT,Software Engineer,B.Tech,12,82469,3,No,88,Yes,Married,Mumbai,2018
EMP0956,Amit Gupta,Male,25,IT,Software Engineer,MCA,15,109155,5,No,82,No,Single,Delhi,2017
EMP0957,Neha Singh,Male,29,R&D,Data Analyst,BBA,13,96260,4,No,94,No,Single,Pune,2025
EMP0958,Simran Verma,Female,25,Customer Support,Support Executive,BBA,2,35975,3,No,98,Yes,Married,Mumbai,2019
EMP0959,Amit Sharma,Female,39,HR,HR Executive,MCA,17,117858,4,Yes,89,Yes,Single,Bengaluru,2025
EMP0960,Simran Yadav,Male,22,Marketing,Marketing Executive,M.Com,11,82984,5,No,86,Yes,Married,Lucknow,2017
EMP0961,Amit Gupta,Male,23,Marketing,Marketing Executive,BBA,0,23711,1,No,82,Yes,Single,Delhi,2016
EMP0962,Rohit Sharma,Female,32,R&D,Data Analyst,MBA,15,106973,4,Yes,80,Yes,Single,Hyderabad,2012
EMP0963,Arjun Yadav,Male,42,Customer Support,Support Executive,MCA,7,55991,3,No,100,No,Single,Lucknow,2018
EMP0964,Priya Joshi,Male,33,Finance,Accountant,MCA,5,46379,2,No,95,No,Married,Delhi,2010
EMP0965,Priya Verma,Female,29,Sales,Sales Executive,MBA,17,119203,1,Yes,88,No,Single,Mumbai,2021
EMP0966,Priya Verma,Male,52,IT,Software Engineer,BBA,9,79629,1,Yes,77,Yes,Single,Delhi,2021
EMP0967,Karan Gupta,Male,27,Marketing,Marketing Executive,B.Tech,5,57201,5,No,92,Yes,Single,Pune,2013
EMP0968,Vikas Patel,Female,58,Customer Support,Support Executive,BBA,8,60812,4,Yes,98,No,Married,Jaipur,2025
EMP0969,Arjun Patel,Male,22,HR,HR Executive,MCA,14,104793,4,Yes,98,Yes,Single,Delhi,2016
EMP0970,Pooja Singh,Male,60,Sales,Sales Executive,MBA,16,116460,2,No,81,Yes,Married,Pune,2024
EMP0971,Neha Singh,Female,50,R&D,Data Analyst,M.Com,18,120232,4,No,79,No,Single,Bengaluru,2019
EMP0972,Amit Mehta,Male,48,Customer Support,Support Executive,MBA,14,101926,5,No,87,No,Married,Hyderabad,2013
EMP0973,Amit Mehta,Female,56,IT,Software Engineer,MCA,0,27034,2,Yes,95,Yes,Married,Hyderabad,2018
EMP0974,Neha Kaur,Male,56,Sales,Sales Executive,M.Com,4,40599,2,No,77,No,Married,Chandigarh,2025
EMP0975,Karan Kumar,Male,22,Finance,Accountant,MBA,1,31420,1,No,93,No,Single,Lucknow,2012
EMP0976,Arjun Singh,Male,45,Customer Support,Support Executive,MBA,1,41055,2,No,100,Yes,Single,Pune,2022
EMP0977,Rahul Sharma,Male,22,Operations,Team Lead,M.Com,12,81901,3,No,99,No,Single,Lucknow,2013
EMP0978,Neha Joshi,Female,59,Marketing,Marketing Executive,MCA,11,80357,4,No,80,Yes,Married,Jaipur,2020
EMP0979,Karan Singh,Male,36,Customer Support,Support Executive,MBA,8,75807,1,No,82,Yes,Single,Pune,2024
EMP0980,Rohit Singh,Female,38,Sales,Sales Executive,MCA,17,108041,2,Yes,89,No,Married,Lucknow,2021
EMP0981,Priya Kumar,Female,33,Finance,Accountant,MBA,16,110386,1,No,90,Yes,Single,Pune,2012
EMP0982,Pooja Gupta,Female,59,HR,HR Executive,B.Com,4,40359,3,No,83,Yes,Single,Bengaluru,2010
EMP0983,Rohit Gupta,Male,55,Customer Support,Support Executive,MBA,19,122666,4,Yes,99,No,Single,Jaipur,2021
EMP0984,Priya Verma,Male,49,Customer Support,Support Executive,BBA,12,81126,2,No,94,No,Single,Delhi,2021
EMP0985,Sneha Kumar,Female,39,IT,Software Engineer,M.Com,13,86227,5,No,85,Yes,Single,Delhi,2016
EMP0986,Rohit Kumar,Female,52,Sales,Sales Executive,M.Com,14,90659,3,Yes,95,No,Married,Pune,2024
EMP0987,Simran Yadav,Female,25,Finance,Accountant,B.Tech,13,92991,5,No,91,No,Single,Bengaluru,2013
EMP0988,Priya Joshi,Male,45,Customer Support,Support Executive,BBA,18,110384,3,Yes,91,Yes,Married,Lucknow,2021
EMP0989,Arjun Kaur,Male,46,IT,Software Engineer,BBA,18,125231,2,Yes,92,No,Married,Bengaluru,2015
EMP0990,Rohit Yadav,Male,47,Marketing,Marketing Executive,B.Com,18,117565,2,No,93,No,Married,Mumbai,2024
EMP0991,Neha Kaur,Male,59,R&D,Data Analyst,BBA,14,98475,5,Yes,79,Yes,Single,Delhi,2020
EMP0992,Pooja Singh,Male,34,IT,Software Engineer,BBA,11,77321,4,No,90,Yes,Married,Lucknow,2024
EMP0993,Anjali Gupta,Male,49,Operations,Team Lead,MBA,5,60800,4,Yes,84,Yes,Single,Lucknow,2011
EMP0994,Vikas Verma,Female,46,Operations,Team Lead,MCA,19,129871,5,No,83,Yes,Single,Hyderabad,2013
EMP0995,Rohit Kaur,Female,59,HR,HR Executive,M.Com,11,88150,4,No,82,No,Single,Bengaluru,2018
EMP0996,Simran Sharma,Male,38,HR,HR Executive,MCA,0,35316,4,No,87,Yes,Married,Bengaluru,2012
EMP0997,Simran Patel,Female,26,R&D,Data Analyst,MBA,4,41049,1,No,89,No,Single,Bengaluru,2024
EMP0998,Arjun Kumar,Female,50,Operations,Team Lead,M.Com,6,64427,3,Yes,77,No,Single,Delhi,2019
EMP0999,Sneha Gupta,Female,37,HR,HR Executive,MBA,12,96482,5,Yes,94,Yes,Married,Delhi,2013
EMP1000,Karan Gupta,Female,43,IT,Software Engineer,MCA,16,112744,2,No,77,No,Single,Mumbai,2011
